hshd_id,shabit,prod_merch_l20_desc,net_spend_amt
3376002291,Valuable,PASTA & PIZZA SAUCE,1
3376163223,Premium Loyal,PASTA & PIZZA SAUCE,1.8900000000000001
3376542041,Potential,GREETING CARDS,5.29
3377032853,Uncommitted,GREETING CARDS,3.99
3377032853,Uncommitted,PASTA & PIZZA SAUCE,8.78
3377285583,Premium Loyal,GREETING CARDS,21.96
3377285583,Premium Loyal,PASTA & PIZZA SAUCE,11.360000000000001
3377528247,Valuable,GREETING CARDS,10.97
3378020265,Valuable,GREETING CARDS,6.99
3379767653,Uncommitted,GREETING CARDS,3.99
3379767653,Uncommitted,PASTA & PIZZA SAUCE,2.19
3379815863,Premium Loyal,PASTA & PIZZA SAUCE,1.49
3380253171,Uncommitted,GREETING CARDS,7.99
3380394851,Valuable,PASTA & PIZZA SAUCE,4.58
3382573943,Uncommitted,GREETING CARDS,1.99
3382607975,Premium Loyal,GREETING CARDS,10.98
3382607975,Premium Loyal,PASTA & PIZZA SAUCE,9.67
3382838385,Valuable,GREETING CARDS,11.97
3382838385,Valuable,PASTA & PIZZA SAUCE,23.63
3384624251,Uncommitted,PASTA & PIZZA SAUCE,1.5
3386518781,Valuable,GREETING CARDS,6.98
3386518781,Valuable,PASTA & PIZZA SAUCE,1
3388370521,Valuable,GREETING CARDS,3.49
3388420527,Potential,PASTA & PIZZA SAUCE,4.38
3390072841,Valuable,GREETING CARDS,11.98
3390072841,Valuable,PASTA & PIZZA SAUCE,8.76
3391138747,Valuable,PASTA & PIZZA SAUCE,15.53
3391871945,Uncommitted,GREETING CARDS,6.99
3392842423,Potential,PASTA & PIZZA SAUCE,3.49
3393154789,Valuable,GREETING CARDS,4.99
3394496827,Valuable,PASTA & PIZZA SAUCE,8.56
3395789953,Premium Loyal,GREETING CARDS,31.200000000000003
3396323823,Premium Loyal,GREETING CARDS,11.97
3396323823,Premium Loyal,PASTA & PIZZA SAUCE,6.37
3397231539,Uncommitted,PASTA & PIZZA SAUCE,4.18
3397346151,Valuable,GREETING CARDS,13.870000000000001
3401082125,Premium Loyal,GREETING CARDS,6.29
3401195983,Uncommitted,PASTA & PIZZA SAUCE,8.98
3401443685,Premium Loyal,GREETING CARDS,12.97
3401443685,Premium Loyal,PASTA & PIZZA SAUCE,8.870000000000001
3403031447,Premium Loyal,GREETING CARDS,5.99
3403031447,Premium Loyal,PASTA & PIZZA SAUCE,8.76
3403641227,Potential,GREETING CARDS,8.99
3406282157,Premium Loyal,GREETING CARDS,6.78
3406282157,Premium Loyal,PASTA & PIZZA SAUCE,30.080000000000002
3411332823,Premium Loyal,GREETING CARDS,16.07
3414180599,Valuable,GREETING CARDS,0.99
3417188401,Premium Loyal,GREETING CARDS,11.96
3417476981,Valuable,GREETING CARDS,18.53
3418113661,Premium Loyal,GREETING CARDS,5.68
3418766883,Valuable,NF SHORTENING AND OIL,8.99
3419417133,Valuable,GREETING CARDS,9.58
3419779301,Premium Loyal,PASTA & PIZZA SAUCE,11.14
3421682301,Valuable,GREETING CARDS,18.97
3421997785,Premium Loyal,GREETING CARDS,30.52
3421997785,Premium Loyal,PASTA & PIZZA SAUCE,37.46
3424037419,Premium Loyal,GREETING CARDS,9.97
3424037419,Premium Loyal,NF SHORTENING AND OIL,3.49
3424037419,Premium Loyal,PASTA & PIZZA SAUCE,3.8000000000000003
3424443503,Uncommitted,PASTA & PIZZA SAUCE,2.49
3425575129,Uncommitted,PASTA & PIZZA SAUCE,5.18
3427319969,Potential,PASTA & PIZZA SAUCE,1.49
3427953195,Potential,GREETING CARDS,4.99
3428088557,Valuable,PASTA & PIZZA SAUCE,4.68
3428294283,Valuable,PASTA & PIZZA SAUCE,2.49
3429177569,Potential,PASTA & PIZZA SAUCE,3.59
3429380215,Uncommitted,GREETING CARDS,10.98
3429566679,Valuable,PASTA & PIZZA SAUCE,6.9
3429640181,Valuable,PASTA & PIZZA SAUCE,7.78
3429649405,Premium Loyal,GREETING CARDS,25.48
3429739429,Potential,GREETING CARDS,6.470000000000001
3430018627,Potential,PASTA & PIZZA SAUCE,10.879999999999999
3430066933,Potential,GREETING CARDS,42.21
3430066933,Potential,PASTA & PIZZA SAUCE,1.8900000000000001
3430370853,Premium Loyal,PASTA & PIZZA SAUCE,5.44
3430378685,Valuable,GREETING CARDS,2.99
3430378685,Valuable,PASTA & PIZZA SAUCE,2
3430412559,Premium Loyal,GREETING CARDS,19.04
3430412559,Premium Loyal,PASTA & PIZZA SAUCE,2.5
3431007993,Valuable,PASTA & PIZZA SAUCE,1.49
3431817195,Potential,GREETING CARDS,6
3431850257,Potential,PASTA & PIZZA SAUCE,5.58
3432273911,Premium Loyal,GREETING CARDS,5.98
3432273911,Premium Loyal,PASTA & PIZZA SAUCE,4.38
3432571215,Potential,GREETING CARDS,3.99
3432849469,Premium Loyal,PASTA & PIZZA SAUCE,2.99
3433439475,Premium Loyal,GREETING CARDS,3.49
3433439475,Premium Loyal,PASTA & PIZZA SAUCE,8.76
3433477163,Potential,GREETING CARDS,4.59
3433767183,Valuable,PASTA & PIZZA SAUCE,2
3433866309,Valuable,GREETING CARDS,24.14
3433914063,Potential,PASTA & PIZZA SAUCE,3.59
3433920427,Uncommitted,GREETING CARDS,19.26
3434003063,Uncommitted,GREETING CARDS,5.99
3434167727,Premium Loyal,GREETING CARDS,4.99
3434307289,Potential,PASTA & PIZZA SAUCE,6.5600000000000005
3434358263,Valuable,PASTA & PIZZA SAUCE,5.98
3434652269,Premium Loyal,GREETING CARDS,11.02
3434764505,Potential,GREETING CARDS,6.23
3435051461,Valuable,PASTA & PIZZA SAUCE,2
3435205595,Uncommitted,PASTA & PIZZA SAUCE,3.99
3435339119,Premium Loyal,PASTA & PIZZA SAUCE,1.19
3435490921,Potential,GREETING CARDS,6.98
3435523879,Premium Loyal,PASTA & PIZZA SAUCE,2.19
3435688113,Valuable,GREETING CARDS,7.98
3436295525,Uncommitted,GREETING CARDS,5.99
3436321189,Premium Loyal,GREETING CARDS,19.97
3436338845,Premium Loyal,GREETING CARDS,5.99
3436562409,Potential,GREETING CARDS,2.99
3436853781,Valuable,GREETING CARDS,1.99
3437151593,Valuable,GREETING CARDS,3.59
3437151593,Valuable,PASTA & PIZZA SAUCE,3.19
3437361433,Potential,GREETING CARDS,0.99
3437430297,Premium Loyal,GREETING CARDS,14.98
3437430297,Premium Loyal,NF SHORTENING AND OIL,20.97
3437430297,Premium Loyal,PASTA & PIZZA SAUCE,4.59
3437634633,Premium Loyal,GREETING CARDS,2.99
3437807023,Uncommitted,PASTA & PIZZA SAUCE,3.99
3437809983,Uncommitted,PASTA & PIZZA SAUCE,3.7800000000000002
3437894111,Uncommitted,GREETING CARDS,15.870000000000001
3437894111,Uncommitted,PASTA & PIZZA SAUCE,3
3438041071,Valuable,GREETING CARDS,0.99
3438041071,Valuable,PASTA & PIZZA SAUCE,2.38
3438349953,Premium Loyal,GREETING CARDS,17.450000000000003
3438349953,Premium Loyal,PASTA & PIZZA SAUCE,34.19
3438688407,Valuable,GREETING CARDS,15.97
3439192107,Valuable,PASTA & PIZZA SAUCE,5.58
3439229263,Valuable,PASTA & PIZZA SAUCE,5.98
3439469707,Potential,GREETING CARDS,5.59
3439469707,Potential,PASTA & PIZZA SAUCE,1
3439550073,Uncommitted,NF SHORTENING AND OIL,3.49
3439550073,Uncommitted,PASTA & PIZZA SAUCE,2.99
3440436817,Premium Loyal,GREETING CARDS,24.54
3440436817,Premium Loyal,PASTA & PIZZA SAUCE,3
3440670341,Premium Loyal,PASTA & PIZZA SAUCE,2
3440922073,Valuable,GREETING CARDS,11.57
3440955951,Uncommitted,PASTA & PIZZA SAUCE,4.38
3440973323,Potential,GREETING CARDS,27.15
3441085337,Potential,PASTA & PIZZA SAUCE,5.970000000000001
3441145887,Potential,GREETING CARDS,13.17
3441310017,Valuable,GREETING CARDS,15.77
3441310017,Valuable,NF SHORTENING AND OIL,4.89
3441310017,Valuable,PASTA & PIZZA SAUCE,10.75
3441440797,Valuable,PASTA & PIZZA SAUCE,1.49
3442414125,Valuable,PASTA & PIZZA SAUCE,7.26
3442550189,Premium Loyal,GREETING CARDS,14.31
3442564141,Premium Loyal,GREETING CARDS,5.57
3442564141,Premium Loyal,PASTA & PIZZA SAUCE,11.59
3442779059,Uncommitted,PASTA & PIZZA SAUCE,12.36
3442980613,Uncommitted,GREETING CARDS,4.49
3443795517,Premium Loyal,GREETING CARDS,7.680000000000001
3447476363,Valuable,GREETING CARDS,4.29
3447476363,Valuable,PASTA & PIZZA SAUCE,11.86
3447558795,Valuable,GREETING CARDS,3.99
3448500765,Valuable,GREETING CARDS,21.740000000000002
3448763071,Premium Loyal,GREETING CARDS,3.99
3448763071,Premium Loyal,PASTA & PIZZA SAUCE,6.35
3449332667,Uncommitted,PASTA & PIZZA SAUCE,8.950000000000001
3449553895,Premium Loyal,GREETING CARDS,12.97
3449553895,Premium Loyal,PASTA & PIZZA SAUCE,1.99
3449852679,Premium Loyal,PASTA & PIZZA SAUCE,8.780000000000001
3452109585,Valuable,PASTA & PIZZA SAUCE,1.78
3454167223,Premium Loyal,GREETING CARDS,18.740000000000002
3454167223,Premium Loyal,PASTA & PIZZA SAUCE,1.43
3454177121,Premium Loyal,GREETING CARDS,19.96
3454177121,Premium Loyal,PASTA & PIZZA SAUCE,2
3455182903,Premium Loyal,PASTA & PIZZA SAUCE,16.55
3456330503,Premium Loyal,PASTA & PIZZA SAUCE,0.89
3456359433,Valuable,PASTA & PIZZA SAUCE,3
3461885735,Valuable,PASTA & PIZZA SAUCE,2.19
3462379413,Premium Loyal,PASTA & PIZZA SAUCE,1.69
3462681361,Valuable,PASTA & PIZZA SAUCE,1.79
3462697503,Premium Loyal,PASTA & PIZZA SAUCE,3
3462732023,Valuable,GREETING CARDS,11.940000000000001
3462732023,Valuable,PASTA & PIZZA SAUCE,8.97
3463655477,Uncommitted,GREETING CARDS,10.97
3463732307,Uncommitted,GREETING CARDS,10.18
3464350135,Premium Loyal,GREETING CARDS,42.63
3465014455,Premium Loyal,GREETING CARDS,5.87
3465198889,Potential,GREETING CARDS,0.99
3465201455,Potential,GREETING CARDS,11.17
3465209031,Premium Loyal,GREETING CARDS,21.14
3465266813,Premium Loyal,GREETING CARDS,16.91
3465266813,Premium Loyal,PASTA & PIZZA SAUCE,8.89
3465563913,Uncommitted,GREETING CARDS,5.69
3465638429,Premium Loyal,GREETING CARDS,7.99
3465662841,Valuable,NF SHORTENING AND OIL,5.19
3465669053,Potential,GREETING CARDS,4.69
3465971371,Premium Loyal,GREETING CARDS,23.85
3465971371,Premium Loyal,PASTA & PIZZA SAUCE,9.95
3465971499,Premium Loyal,GREETING CARDS,16.17
3465971499,Premium Loyal,PASTA & PIZZA SAUCE,1.79
3466175837,Premium Loyal,GREETING CARDS,17.35
3466307133,Premium Loyal,GREETING CARDS,0.99
3466406283,Premium Loyal,GREETING CARDS,5.69
3467383329,Premium Loyal,GREETING CARDS,36.63
3467386691,Potential,GREETING CARDS,10.370000000000001
3467386691,Potential,PASTA & PIZZA SAUCE,1.5
3467412463,Premium Loyal,PASTA & PIZZA SAUCE,5.78
3467431255,Premium Loyal,GREETING CARDS,5.99
3467455537,Premium Loyal,GREETING CARDS,22.73
3467455537,Premium Loyal,NF SHORTENING AND OIL,19.68
3467715283,Premium Loyal,GREETING CARDS,2.99
3467715283,Premium Loyal,PASTA & PIZZA SAUCE,7.5
3467724123,Valuable,GREETING CARDS,8.99
3467724123,Valuable,PASTA & PIZZA SAUCE,5.78
3467767349,Premium Loyal,PASTA & PIZZA SAUCE,14.64
3467978109,Premium Loyal,PASTA & PIZZA SAUCE,11.96
3467998013,Premium Loyal,GREETING CARDS,7.95
3468000241,Potential,GREETING CARDS,3.99
3468078285,Uncommitted,GREETING CARDS,7.99
3468207679,Uncommitted,GREETING CARDS,1.99
3468453275,Uncommitted,PASTA & PIZZA SAUCE,14.85
3468491371,Uncommitted,PASTA & PIZZA SAUCE,5.19
3468551201,Valuable,PASTA & PIZZA SAUCE,2.89
3468674053,Premium Loyal,GREETING CARDS,9.67
3468818111,Premium Loyal,GREETING CARDS,34.980000000000004
3468818111,Premium Loyal,PASTA & PIZZA SAUCE,2.38
3468867643,Uncommitted,GREETING CARDS,2.99
3468912669,Valuable,GREETING CARDS,22.650000000000002
3468912669,Valuable,PASTA & PIZZA SAUCE,2.99
3469145047,Potential,PASTA & PIZZA SAUCE,1.79
3469195447,Premium Loyal,GREETING CARDS,7.48
3469198769,Premium Loyal,GREETING CARDS,35.64
3469255463,Uncommitted,PASTA & PIZZA SAUCE,6.78
3469552843,Premium Loyal,GREETING CARDS,2.25
3469552843,Premium Loyal,PASTA & PIZZA SAUCE,2.7800000000000002
3469617887,Uncommitted,PASTA & PIZZA SAUCE,4.99
3469898251,Uncommitted,PASTA & PIZZA SAUCE,2.99
3469901897,Premium Loyal,GREETING CARDS,23.35
3469901897,Premium Loyal,PASTA & PIZZA SAUCE,5.49
3469927553,Potential,GREETING CARDS,25.93
3469995517,Potential,PASTA & PIZZA SAUCE,2
3470099419,Premium Loyal,GREETING CARDS,7.99
3470099419,Premium Loyal,PASTA & PIZZA SAUCE,3.88
3470125497,Potential,GREETING CARDS,3.99
3470165735,Valuable,GREETING CARDS,6.18
3470326333,Premium Loyal,GREETING CARDS,25.17
3470353317,Valuable,GREETING CARDS,3.79
3470353317,Valuable,PASTA & PIZZA SAUCE,8.98
3470388469,Premium Loyal,GREETING CARDS,87.83
3470388469,Premium Loyal,NF SHORTENING AND OIL,8.39
3470508025,Valuable,PASTA & PIZZA SAUCE,2
3470700615,Potential,GREETING CARDS,13.670000000000002
3470772919,Premium Loyal,GREETING CARDS,0.99
3470772919,Premium Loyal,PASTA & PIZZA SAUCE,2.19
3470794787,Premium Loyal,GREETING CARDS,75.04
3470794787,Premium Loyal,PASTA & PIZZA SAUCE,2.99
3470846515,Potential,PASTA & PIZZA SAUCE,2.99
3470847273,Uncommitted,GREETING CARDS,20.35
3470865773,Valuable,GREETING CARDS,4.99
3470987527,Premium Loyal,GREETING CARDS,6.95
3471067339,Premium Loyal,GREETING CARDS,27.54
3471318279,Premium Loyal,GREETING CARDS,4.99
3471318279,Premium Loyal,PASTA & PIZZA SAUCE,1.5
3471370921,Valuable,GREETING CARDS,13.16
3471383461,Uncommitted,GREETING CARDS,13.27
3471432223,Premium Loyal,GREETING CARDS,12.670000000000002
3471432223,Premium Loyal,PASTA & PIZZA SAUCE,6.78
3471490653,Potential,PASTA & PIZZA SAUCE,3.98
3471722687,Premium Loyal,GREETING CARDS,25.34
3472037537,Premium Loyal,GREETING CARDS,158.8
3472037537,Premium Loyal,PASTA & PIZZA SAUCE,8.97
3472051457,Valuable,GREETING CARDS,33.32
3472053493,Premium Loyal,GREETING CARDS,5.99
3472075095,Premium Loyal,GREETING CARDS,12.97
3472114763,Potential,GREETING CARDS,9.23
3472237675,Valuable,PASTA & PIZZA SAUCE,7.96
3472618393,Potential,GREETING CARDS,31.03
3472636157,Valuable,GREETING CARDS,3.5
3472638827,Uncommitted,GREETING CARDS,18.650000000000002
3472652373,Valuable,GREETING CARDS,3.79
3472859209,Potential,GREETING CARDS,36.63
3473045575,Uncommitted,PASTA & PIZZA SAUCE,5.94
3473262577,Potential,GREETING CARDS,17.66
3473262577,Potential,PASTA & PIZZA SAUCE,3.19
3473268855,Valuable,GREETING CARDS,0.99
3473282561,Uncommitted,PASTA & PIZZA SAUCE,1.99
3473474671,Premium Loyal,GREETING CARDS,28.810000000000002
3473474671,Premium Loyal,PASTA & PIZZA SAUCE,7.58
3473511659,Valuable,GREETING CARDS,8.99
3473531547,Premium Loyal,GREETING CARDS,11.38
3473542379,Premium Loyal,GREETING CARDS,4.69
3473884241,Potential,GREETING CARDS,1.99
3473889885,Potential,GREETING CARDS,25.86
3473896715,Valuable,GREETING CARDS,24.450000000000003
3473998695,Valuable,GREETING CARDS,11.92
3474051551,Premium Loyal,PASTA & PIZZA SAUCE,1.99
3474081369,Valuable,GREETING CARDS,19.78
3474140877,Valuable,GREETING CARDS,24.82
3474149807,Uncommitted,GREETING CARDS,10.68
3474191097,Valuable,GREETING CARDS,5.95
3474191097,Valuable,PASTA & PIZZA SAUCE,4.99
3474334653,Valuable,PASTA & PIZZA SAUCE,1.35
3474387305,Premium Loyal,GREETING CARDS,17.75
3474461169,Premium Loyal,GREETING CARDS,7.48
3474593165,Valuable,PASTA & PIZZA SAUCE,4.76
3474632543,Uncommitted,GREETING CARDS,4.5
3474635161,Premium Loyal,NF SHORTENING AND OIL,7.99
3474635161,Premium Loyal,PASTA & PIZZA SAUCE,1.5
3474731995,Valuable,NF SHORTENING AND OIL,7.29
3474748511,Premium Loyal,GREETING CARDS,1.98
3474842083,Potential,GREETING CARDS,18.42
3474842083,Potential,PASTA & PIZZA SAUCE,3.99
3475013783,Premium Loyal,GREETING CARDS,44.410000000000004
3475360741,Premium Loyal,GREETING CARDS,11.47
3475360741,Premium Loyal,PASTA & PIZZA SAUCE,4.99
3475409825,Premium Loyal,GREETING CARDS,20.950000000000003
3475442975,Premium Loyal,PASTA & PIZZA SAUCE,3.19
3475794219,Premium Loyal,GREETING CARDS,15.36
3475801159,Valuable,NF SHORTENING AND OIL,12.99
3475850373,Valuable,GREETING CARDS,1.99
3475850373,Valuable,PASTA & PIZZA SAUCE,1.19
3476136099,Valuable,GREETING CARDS,1.99
3476897229,Valuable,PASTA & PIZZA SAUCE,3.98
3476946057,Uncommitted,GREETING CARDS,4.99
3476946057,Uncommitted,PASTA & PIZZA SAUCE,21.84
3477134615,Premium Loyal,GREETING CARDS,12.47
3477134615,Premium Loyal,PASTA & PIZZA SAUCE,1.5
3477203551,Premium Loyal,GREETING CARDS,20.060000000000002
3477246493,Premium Loyal,GREETING CARDS,24.44
3477246493,Premium Loyal,PASTA & PIZZA SAUCE,31.630000000000003
3477312569,Premium Loyal,GREETING CARDS,5.99
3477338051,Premium Loyal,GREETING CARDS,4.98
3477338051,Premium Loyal,PASTA & PIZZA SAUCE,18.46
3477340463,Potential,GREETING CARDS,22.95
3477415325,Potential,GREETING CARDS,7.99
3477494919,Premium Loyal,GREETING CARDS,12.530000000000001
3477733927,Premium Loyal,PASTA & PIZZA SAUCE,3.86
3478090743,Potential,GREETING CARDS,5.49
3478090743,Potential,PASTA & PIZZA SAUCE,10.16
3478102059,Uncommitted,GREETING CARDS,3.99
3478412449,Valuable,PASTA & PIZZA SAUCE,10.290000000000001
3478417051,Valuable,GREETING CARDS,10.97
3478477213,Premium Loyal,PASTA & PIZZA SAUCE,2
3478570481,Uncommitted,PASTA & PIZZA SAUCE,2.49
3478722175,Premium Loyal,PASTA & PIZZA SAUCE,5.49
3478865735,Potential,PASTA & PIZZA SAUCE,8.96
3479017353,Valuable,GREETING CARDS,3.99
3479033397,Premium Loyal,NF SHORTENING AND OIL,5.99
3479033397,Premium Loyal,PASTA & PIZZA SAUCE,12.97
3479082131,Premium Loyal,GREETING CARDS,34.300000000000004
3479082131,Premium Loyal,PASTA & PIZZA SAUCE,9.96
3479099907,Premium Loyal,GREETING CARDS,22.96
3479136365,Potential,PASTA & PIZZA SAUCE,1.79
3479303227,Valuable,GREETING CARDS,17.55
3479303227,Valuable,PASTA & PIZZA SAUCE,7.5600000000000005
3479479923,Premium Loyal,GREETING CARDS,34.6
3479484629,Valuable,GREETING CARDS,0.99
3479484629,Valuable,PASTA & PIZZA SAUCE,7.5
3479744189,Premium Loyal,GREETING CARDS,14.96
3479744189,Premium Loyal,PASTA & PIZZA SAUCE,5.18
3479822725,Potential,PASTA & PIZZA SAUCE,3.29
3479847725,Premium Loyal,GREETING CARDS,5.98
3479848789,Uncommitted,GREETING CARDS,6.48
3480072293,Valuable,PASTA & PIZZA SAUCE,1.99
3480235299,Premium Loyal,GREETING CARDS,3.49
3480235299,Premium Loyal,PASTA & PIZZA SAUCE,17.32
3480287617,Potential,GREETING CARDS,14.17
3480287617,Potential,PASTA & PIZZA SAUCE,1.99
3480297245,Potential,GREETING CARDS,21.36
3480297245,Potential,PASTA & PIZZA SAUCE,6.67
3480348031,Valuable,GREETING CARDS,11.27
3480407797,Valuable,PASTA & PIZZA SAUCE,0.89
3480418907,Premium Loyal,GREETING CARDS,6.970000000000001
3480418907,Premium Loyal,PASTA & PIZZA SAUCE,1.49
3480420519,Premium Loyal,GREETING CARDS,17.46
3480420519,Premium Loyal,PASTA & PIZZA SAUCE,1.99
3480479859,Valuable,GREETING CARDS,5.99
3480486361,Premium Loyal,GREETING CARDS,20.84
3480486361,Premium Loyal,PASTA & PIZZA SAUCE,1.98
3480574719,Valuable,GREETING CARDS,3.99
3480632679,Premium Loyal,GREETING CARDS,20.36
3480632679,Premium Loyal,PASTA & PIZZA SAUCE,3.17
3480694835,Valuable,GREETING CARDS,4.97
3480777877,Uncommitted,GREETING CARDS,14.280000000000001
3480948907,Potential,PASTA & PIZZA SAUCE,10.370000000000001
3481105277,Potential,PASTA & PIZZA SAUCE,3.98
3481206403,Premium Loyal,PASTA & PIZZA SAUCE,3
3481217747,Potential,GREETING CARDS,4.99
3481553601,Premium Loyal,GREETING CARDS,30.14
3481727831,Premium Loyal,GREETING CARDS,31.93
3481917929,Premium Loyal,PASTA & PIZZA SAUCE,17.34
3481972693,Uncommitted,GREETING CARDS,3.99
3481972693,Uncommitted,PASTA & PIZZA SAUCE,3.7800000000000002
3482476793,Valuable,GREETING CARDS,9.98
3482476793,Valuable,PASTA & PIZZA SAUCE,15.97
3482750765,Valuable,PASTA & PIZZA SAUCE,5
3482778323,Potential,PASTA & PIZZA SAUCE,1.8900000000000001
3483034299,Premium Loyal,GREETING CARDS,27.740000000000002
3483034299,Premium Loyal,PASTA & PIZZA SAUCE,2.19
3483183165,Premium Loyal,NF SHORTENING AND OIL,6.79
3483212991,Premium Loyal,GREETING CARDS,4.99
3483212991,Premium Loyal,PASTA & PIZZA SAUCE,2.99
3483357231,Valuable,GREETING CARDS,14.47
3483357231,Valuable,PASTA & PIZZA SAUCE,5.95
3483380693,Valuable,GREETING CARDS,6.99
3483429559,Valuable,GREETING CARDS,3.79
3483519851,Premium Loyal,GREETING CARDS,7.99
3483519851,Premium Loyal,NF SHORTENING AND OIL,6.99
3483524781,Uncommitted,GREETING CARDS,4.99
3483524781,Uncommitted,PASTA & PIZZA SAUCE,5.29
3483564061,Uncommitted,GREETING CARDS,16.47
3483619103,Premium Loyal,PASTA & PIZZA SAUCE,3.7800000000000002
3483653171,Premium Loyal,NF SHORTENING AND OIL,22.76
3483788093,Valuable,PASTA & PIZZA SAUCE,9.450000000000001
3483837947,Premium Loyal,GREETING CARDS,18.96
3483837947,Premium Loyal,PASTA & PIZZA SAUCE,1.99
3483876999,Premium Loyal,GREETING CARDS,4.99
3483876999,Premium Loyal,PASTA & PIZZA SAUCE,6.08
3484051081,Premium Loyal,GREETING CARDS,12.97
3484051081,Premium Loyal,PASTA & PIZZA SAUCE,5.29
3484058311,Valuable,PASTA & PIZZA SAUCE,1.5
3484448791,Uncommitted,GREETING CARDS,3.99
3484465299,Valuable,PASTA & PIZZA SAUCE,2.19
3484634557,Potential,GREETING CARDS,47.09
3484642577,Premium Loyal,PASTA & PIZZA SAUCE,19.240000000000002
3485172225,Premium Loyal,GREETING CARDS,2.99
3485482611,Potential,GREETING CARDS,7.95
3485706549,Potential,GREETING CARDS,3.2199999999999998
3486044239,Premium Loyal,GREETING CARDS,11.98
3486359645,Potential,PASTA & PIZZA SAUCE,3.68
3487021043,Valuable,PASTA & PIZZA SAUCE,2.19
3487162063,Valuable,PASTA & PIZZA SAUCE,2.98
3487804431,Premium Loyal,GREETING CARDS,8.98
3488585915,Premium Loyal,GREETING CARDS,9.98
3489800007,Premium Loyal,GREETING CARDS,3.99
3490438083,Valuable,PASTA & PIZZA SAUCE,14.73
3490453221,Premium Loyal,GREETING CARDS,10.97
3490692871,Valuable,GREETING CARDS,4.99
3491015369,Potential,GREETING CARDS,13.47
3491070675,Premium Loyal,PASTA & PIZZA SAUCE,3
3491834579,Valuable,GREETING CARDS,3.69
3491853959,Premium Loyal,GREETING CARDS,25.12
3491902099,Potential,PASTA & PIZZA SAUCE,1.99
3491940267,Premium Loyal,GREETING CARDS,38.22
3491940267,Premium Loyal,NF SHORTENING AND OIL,14.780000000000001
3492009639,Premium Loyal,PASTA & PIZZA SAUCE,18.330000000000002
3492796847,Premium Loyal,GREETING CARDS,7.96
3492796847,Premium Loyal,PASTA & PIZZA SAUCE,9.56
3492995357,Valuable,GREETING CARDS,0.99
3492995357,Valuable,PASTA & PIZZA SAUCE,1.5
3494021719,Premium Loyal,PASTA & PIZZA SAUCE,10.379999999999999
3495232033,Valuable,GREETING CARDS,1.47
3495669361,Potential,PASTA & PIZZA SAUCE,1.99
3495729013,Valuable,GREETING CARDS,14.63
3495729013,Valuable,PASTA & PIZZA SAUCE,1.5
3496796239,Potential,PASTA & PIZZA SAUCE,5.97
3497451491,Premium Loyal,GREETING CARDS,7.99
3497925905,Valuable,PASTA & PIZZA SAUCE,11.47
3498815379,Valuable,PASTA & PIZZA SAUCE,1.5
3499236081,Valuable,GREETING CARDS,5.98
3500609741,Valuable,GREETING CARDS,17.450000000000003
3501574613,Uncommitted,GREETING CARDS,8.99
3505282703,Potential,GREETING CARDS,4.49
3506421065,Premium Loyal,PASTA & PIZZA SAUCE,24.12
3508904473,Premium Loyal,GREETING CARDS,21.32
3508904473,Premium Loyal,PASTA & PIZZA SAUCE,8.76
3509129963,Premium Loyal,PASTA & PIZZA SAUCE,4.28
3509283083,Valuable,GREETING CARDS,11.93
3509283083,Valuable,PASTA & PIZZA SAUCE,2.49
3509759467,Valuable,PASTA & PIZZA SAUCE,1.5
3510273195,Uncommitted,PASTA & PIZZA SAUCE,3.19
3510731045,Uncommitted,PASTA & PIZZA SAUCE,8.92
3510761725,Valuable,GREETING CARDS,0.99
3511438249,Valuable,GREETING CARDS,6.95
3511438249,Valuable,NF SHORTENING AND OIL,5.99
3511449695,Valuable,GREETING CARDS,15.97
3511449695,Valuable,PASTA & PIZZA SAUCE,16.330000000000002
3511518359,Uncommitted,GREETING CARDS,35.980000000000004
3512035581,Valuable,GREETING CARDS,4.98
3512035581,Valuable,PASTA & PIZZA SAUCE,2.18
3513020803,Valuable,GREETING CARDS,25.44
3513230871,Valuable,NF SHORTENING AND OIL,9.89
3513958515,Uncommitted,GREETING CARDS,15.63
3515350611,Uncommitted,GREETING CARDS,6.48
3515362239,Potential,PASTA & PIZZA SAUCE,3
3515541867,Uncommitted,GREETING CARDS,21.830000000000002
3515541867,Uncommitted,PASTA & PIZZA SAUCE,1.99
3517003765,Uncommitted,GREETING CARDS,4.880000000000001
3517034077,Premium Loyal,PASTA & PIZZA SAUCE,3.99
3517478237,Valuable,GREETING CARDS,12.950000000000001
3517478237,Valuable,PASTA & PIZZA SAUCE,12.91
3518553955,Valuable,PASTA & PIZZA SAUCE,1.99
3519349591,Premium Loyal,GREETING CARDS,37.53
3519349591,Premium Loyal,NF SHORTENING AND OIL,5.59
3519654697,Premium Loyal,GREETING CARDS,7.32
3519654697,Premium Loyal,PASTA & PIZZA SAUCE,9.83
3521545357,Premium Loyal,GREETING CARDS,3.99
3522685203,Valuable,GREETING CARDS,26.53
3522685203,Valuable,PASTA & PIZZA SAUCE,6.380000000000001
3523330519,Potential,GREETING CARDS,20.98
3523756979,Valuable,PASTA & PIZZA SAUCE,3.98
3526133145,Uncommitted,GREETING CARDS,4.99
3526892379,Potential,GREETING CARDS,7.98
3528382543,Valuable,GREETING CARDS,5.99
3529696083,Valuable,PASTA & PIZZA SAUCE,2.99
3529817617,Uncommitted,PASTA & PIZZA SAUCE,5.67
3530825503,Uncommitted,GREETING CARDS,28.36
3530833501,Uncommitted,GREETING CARDS,7.99
3531228163,Valuable,GREETING CARDS,3.49
3531914823,Premium Loyal,PASTA & PIZZA SAUCE,1
3532839239,Uncommitted,GREETING CARDS,10.97
3533586559,Valuable,GREETING CARDS,5.69
3533857523,Premium Loyal,GREETING CARDS,12.93
3534194473,Potential,PASTA & PIZZA SAUCE,4.38
3534670155,Premium Loyal,GREETING CARDS,3.49
3534670155,Premium Loyal,PASTA & PIZZA SAUCE,2.99
3534836301,Potential,GREETING CARDS,5.99
3534842087,Valuable,PASTA & PIZZA SAUCE,2.89
3534899117,Premium Loyal,GREETING CARDS,20.560000000000002
3534899117,Premium Loyal,PASTA & PIZZA SAUCE,1.67
3536837551,Uncommitted,GREETING CARDS,7.98
3537408213,Premium Loyal,GREETING CARDS,20.12
3537408213,Premium Loyal,PASTA & PIZZA SAUCE,6.48
3537801325,Uncommitted,PASTA & PIZZA SAUCE,2.19
3539445419,Potential,GREETING CARDS,10.879999999999999
3540771123,Premium Loyal,GREETING CARDS,3.49
3542045819,Premium Loyal,PASTA & PIZZA SAUCE,3.19
3542635385,Potential,PASTA & PIZZA SAUCE,12.76
3543036869,Premium Loyal,NF SHORTENING AND OIL,5.49
3543766979,Premium Loyal,PASTA & PIZZA SAUCE,10.95
3545411491,Premium Loyal,GREETING CARDS,4.59
3545411491,Premium Loyal,PASTA & PIZZA SAUCE,2.98
3545726215,Uncommitted,GREETING CARDS,3.99
3545737755,Valuable,GREETING CARDS,4.29
3548443199,Uncommitted,PASTA & PIZZA SAUCE,2.7800000000000002
3550190641,Uncommitted,GREETING CARDS,9.97
3550190641,Uncommitted,PASTA & PIZZA SAUCE,5.78
3550897183,Uncommitted,GREETING CARDS,2.99
3551176045,Valuable,PASTA & PIZZA SAUCE,6.57
3552420503,Lapsed,GREETING CARDS,5.98
3552704959,Potential,PASTA & PIZZA SAUCE,5
3553244825,Premium Loyal,GREETING CARDS,21.54
3554247593,Lapsed,GREETING CARDS,27.44
3554738175,Premium Loyal,GREETING CARDS,9.96
3556424641,Premium Loyal,PASTA & PIZZA SAUCE,3.99
3556528327,Premium Loyal,GREETING CARDS,9.58
3559510761,Valuable,PASTA & PIZZA SAUCE,5.45
3559873955,Uncommitted,GREETING CARDS,3.49
3561356149,Potential,PASTA & PIZZA SAUCE,3.98
3563453527,Premium Loyal,GREETING CARDS,13.57
3563453527,Premium Loyal,PASTA & PIZZA SAUCE,50.96
3564671025,Valuable,GREETING CARDS,9.99
3564671025,Valuable,NF SHORTENING AND OIL,4.49
3566134437,Uncommitted,GREETING CARDS,5.99
3566939151,Premium Loyal,GREETING CARDS,11.96
3567275449,Uncommitted,PASTA & PIZZA SAUCE,4.38
3567694663,Premium Loyal,GREETING CARDS,12.9
3568004739,Premium Loyal,GREETING CARDS,10.440000000000001
3568035131,Premium Loyal,GREETING CARDS,9.99
3568035131,Premium Loyal,PASTA & PIZZA SAUCE,5.99
3568152527,Valuable,PASTA & PIZZA SAUCE,20.830000000000002
3568538093,Potential,PASTA & PIZZA SAUCE,2.99
3568779373,Potential,GREETING CARDS,8.98
3568912239,Premium Loyal,GREETING CARDS,27.240000000000002
3568912239,Premium Loyal,PASTA & PIZZA SAUCE,2.99
3569220855,Premium Loyal,GREETING CARDS,35.230000000000004
3569220855,Premium Loyal,PASTA & PIZZA SAUCE,9.879999999999999
3569366197,Premium Loyal,PASTA & PIZZA SAUCE,1.99
3569700837,Potential,GREETING CARDS,5.99
3569700837,Potential,PASTA & PIZZA SAUCE,2.99
3569998367,Potential,GREETING CARDS,3.49
3569998367,Potential,PASTA & PIZZA SAUCE,4.98
3570213383,Uncommitted,PASTA & PIZZA SAUCE,3
3572024891,Valuable,PASTA & PIZZA SAUCE,5.16
3572638747,Premium Loyal,GREETING CARDS,32.95
3573408367,Uncommitted,PASTA & PIZZA SAUCE,3.38
3573495761,Valuable,GREETING CARDS,3.49
3574328423,Uncommitted,GREETING CARDS,16.67
3574414699,Uncommitted,GREETING CARDS,10.48
3575346613,Premium Loyal,GREETING CARDS,6.95
3575589649,Premium Loyal,GREETING CARDS,22.64
3575795141,Uncommitted,GREETING CARDS,15.77
3575795141,Uncommitted,PASTA & PIZZA SAUCE,5
3576399491,Valuable,GREETING CARDS,19.37
3576399491,Valuable,PASTA & PIZZA SAUCE,4
3577040951,Premium Loyal,GREETING CARDS,14.98
3577043053,Premium Loyal,PASTA & PIZZA SAUCE,6.140000000000001
3577208625,Premium Loyal,GREETING CARDS,3.99
3577208625,Premium Loyal,PASTA & PIZZA SAUCE,5.18
3577704703,Potential,GREETING CARDS,3.79
3577704703,Potential,PASTA & PIZZA SAUCE,2.99
3578254489,Premium Loyal,PASTA & PIZZA SAUCE,2.99
3580144061,Valuable,GREETING CARDS,6
3580600263,Premium Loyal,GREETING CARDS,5.59
3580600263,Premium Loyal,PASTA & PIZZA SAUCE,7.5
3580780601,Potential,GREETING CARDS,19.95
3580780601,Potential,PASTA & PIZZA SAUCE,2.19
3581032935,Premium Loyal,GREETING CARDS,5.29
3581032935,Premium Loyal,PASTA & PIZZA SAUCE,10.46
3581146799,Valuable,NF SHORTENING AND OIL,8.39
3581747277,Uncommitted,GREETING CARDS,5.99
3582666343,Valuable,NF SHORTENING AND OIL,10.290000000000001
3585527337,Premium Loyal,GREETING CARDS,8.98
3585527337,Premium Loyal,PASTA & PIZZA SAUCE,1.8900000000000001
3586016633,Premium Loyal,GREETING CARDS,7.98
3586016633,Premium Loyal,PASTA & PIZZA SAUCE,13.17
3588105083,Potential,PASTA & PIZZA SAUCE,8.48
3589079413,Potential,GREETING CARDS,28.42
3589079413,Potential,PASTA & PIZZA SAUCE,4.29
3590649119,Valuable,GREETING CARDS,18.97
3590649119,Valuable,PASTA & PIZZA SAUCE,2.99
3591269765,Valuable,PASTA & PIZZA SAUCE,2.89
3591576567,Valuable,PASTA & PIZZA SAUCE,1.09
3592427079,Valuable,GREETING CARDS,4.99
3592427079,Valuable,PASTA & PIZZA SAUCE,8.43
3593007165,Valuable,GREETING CARDS,6.28
3593414549,Uncommitted,GREETING CARDS,7.95
3593527369,Uncommitted,GREETING CARDS,3.99
3593589839,Potential,GREETING CARDS,4.99
3593655525,Premium Loyal,GREETING CARDS,5.99
3593655525,Premium Loyal,PASTA & PIZZA SAUCE,18.450000000000003
3593800289,Potential,GREETING CARDS,2
3593800289,Potential,PASTA & PIZZA SAUCE,2.99
3594040557,Premium Loyal,PASTA & PIZZA SAUCE,3.49
3594431849,Premium Loyal,NF SHORTENING AND OIL,6.99
3594522625,Premium Loyal,GREETING CARDS,5.57
3594522625,Premium Loyal,PASTA & PIZZA SAUCE,1.8900000000000001
3595816033,Premium Loyal,GREETING CARDS,11.06
3595816033,Premium Loyal,PASTA & PIZZA SAUCE,12.96
3596734333,Uncommitted,PASTA & PIZZA SAUCE,4.1899999999999995
3596764099,Valuable,GREETING CARDS,9.780000000000001
3596764099,Valuable,PASTA & PIZZA SAUCE,0.98
3596923369,Uncommitted,GREETING CARDS,4
3596955955,Valuable,GREETING CARDS,29.25
3596955955,Valuable,PASTA & PIZZA SAUCE,8.76
3597155385,Uncommitted,GREETING CARDS,6.98
3598276235,Potential,GREETING CARDS,3.99
3598641045,Uncommitted,GREETING CARDS,3.99
3598641045,Uncommitted,NF SHORTENING AND OIL,13.280000000000001
3598641045,Uncommitted,PASTA & PIZZA SAUCE,2.79
3599209123,Valuable,PASTA & PIZZA SAUCE,6.38
3599283529,Potential,GREETING CARDS,3.99
3599314991,Valuable,PASTA & PIZZA SAUCE,4.98
3599428255,Valuable,NF SHORTENING AND OIL,9.99
3599428255,Valuable,PASTA & PIZZA SAUCE,3.99
3599809063,Premium Loyal,GREETING CARDS,19.36
3599914473,Premium Loyal,GREETING CARDS,11.280000000000001
3599914473,Premium Loyal,PASTA & PIZZA SAUCE,1.99
3600458509,Potential,PASTA & PIZZA SAUCE,1.67
3600657813,Valuable,PASTA & PIZZA SAUCE,6.1899999999999995
3601991575,Premium Loyal,GREETING CARDS,3.49
3602402957,Valuable,GREETING CARDS,3.29
3602402957,Valuable,PASTA & PIZZA SAUCE,5.98
3603961231,Potential,GREETING CARDS,21.150000000000002
3604162615,Valuable,PASTA & PIZZA SAUCE,5.18
3604180445,Premium Loyal,GREETING CARDS,39.42
3604236505,Potential,GREETING CARDS,4.99
3604980393,Valuable,GREETING CARDS,4.49
3605075165,Premium Loyal,GREETING CARDS,11.96
3605387345,Uncommitted,PASTA & PIZZA SAUCE,10.75
3606929851,Uncommitted,GREETING CARDS,4.99
3607764675,Valuable,PASTA & PIZZA SAUCE,4.38
3607912117,Valuable,GREETING CARDS,13.57
3607912117,Valuable,PASTA & PIZZA SAUCE,23.93
3608886285,Premium Loyal,GREETING CARDS,0.99
3608886285,Premium Loyal,PASTA & PIZZA SAUCE,3.98
3609207747,Valuable,PASTA & PIZZA SAUCE,6
3609956937,Premium Loyal,GREETING CARDS,8.58
3609956937,Premium Loyal,PASTA & PIZZA SAUCE,2.99
3609985921,Valuable,GREETING CARDS,15.27
3609985921,Valuable,PASTA & PIZZA SAUCE,2.7800000000000002
3611737125,Premium Loyal,PASTA & PIZZA SAUCE,6.970000000000001
3612072293,Uncommitted,GREETING CARDS,9.98
3612211821,Uncommitted,PASTA & PIZZA SAUCE,8.77
3612965511,Premium Loyal,NF SHORTENING AND OIL,5.99
3612965511,Premium Loyal,PASTA & PIZZA SAUCE,5.18
3613264013,Uncommitted,GREETING CARDS,28.44
3614421691,Premium Loyal,GREETING CARDS,15.97
3614421691,Premium Loyal,PASTA & PIZZA SAUCE,7.68
3614789867,Premium Loyal,GREETING CARDS,9.18
3615058411,Uncommitted,PASTA & PIZZA SAUCE,1.59
3616793589,Valuable,GREETING CARDS,2.99
3616793589,Valuable,PASTA & PIZZA SAUCE,3.94
3618324583,Valuable,GREETING CARDS,3.99
3618324583,Valuable,PASTA & PIZZA SAUCE,7.76
3618660437,Uncommitted,GREETING CARDS,4.99
3619446861,Premium Loyal,GREETING CARDS,5.59
3619446861,Premium Loyal,PASTA & PIZZA SAUCE,2.19
3620537589,Uncommitted,GREETING CARDS,40
3620555041,Potential,GREETING CARDS,3.99
3620560093,Premium Loyal,GREETING CARDS,8.99
3620764827,Potential,GREETING CARDS,2.19
3620955177,Premium Loyal,GREETING CARDS,2.79
3620971853,Valuable,PASTA & PIZZA SAUCE,5.58
3620982763,Potential,GREETING CARDS,9.48
3621081839,Valuable,GREETING CARDS,3.99
3621081839,Valuable,PASTA & PIZZA SAUCE,2.98
3622431513,Premium Loyal,PASTA & PIZZA SAUCE,7.6899999999999995
3622458313,Valuable,PASTA & PIZZA SAUCE,5.5600000000000005
3623293033,Premium Loyal,PASTA & PIZZA SAUCE,8.57
3623404409,Premium Loyal,PASTA & PIZZA SAUCE,4.09
3623414541,Premium Loyal,GREETING CARDS,22.96
3623586505,Premium Loyal,GREETING CARDS,21.560000000000002
3624735303,Premium Loyal,PASTA & PIZZA SAUCE,1.3900000000000001
3624979857,Premium Loyal,GREETING CARDS,3.99
3624979857,Premium Loyal,PASTA & PIZZA SAUCE,4.29
3625882353,Valuable,PASTA & PIZZA SAUCE,17.95
3625940483,Valuable,GREETING CARDS,29.92
3626369239,Potential,GREETING CARDS,4.28
3626369239,Potential,PASTA & PIZZA SAUCE,6.77
3627099139,Valuable,PASTA & PIZZA SAUCE,3.99
3627700191,Potential,GREETING CARDS,13.47
3627705623,Valuable,GREETING CARDS,5.69
3628033343,Premium Loyal,PASTA & PIZZA SAUCE,0.89
3630132471,Valuable,GREETING CARDS,16.27
3630132471,Valuable,PASTA & PIZZA SAUCE,13.850000000000001
3630464401,Premium Loyal,GREETING CARDS,0.98
3631449239,Uncommitted,GREETING CARDS,6.48
3631695691,Uncommitted,GREETING CARDS,6.95
3631695691,Uncommitted,PASTA & PIZZA SAUCE,22.47
3631881647,Premium Loyal,NF SHORTENING AND OIL,5.99
3632060707,Potential,GREETING CARDS,6.99
3633552987,Premium Loyal,GREETING CARDS,3.99
3633552987,Premium Loyal,PASTA & PIZZA SAUCE,4.99
3634888073,Premium Loyal,GREETING CARDS,2.99
3634888073,Premium Loyal,PASTA & PIZZA SAUCE,2.19
3635186541,Potential,GREETING CARDS,18.25
3635186541,Potential,PASTA & PIZZA SAUCE,13.15
3635408855,Potential,GREETING CARDS,7.28
3635651381,Potential,PASTA & PIZZA SAUCE,1.8900000000000001
3635679349,Premium Loyal,GREETING CARDS,13.97
3635679349,Premium Loyal,PASTA & PIZZA SAUCE,2.5
3636123485,Potential,GREETING CARDS,26.96
3636369665,Potential,GREETING CARDS,17.150000000000002
3636521895,Valuable,NF SHORTENING AND OIL,9.19
3636521895,Valuable,PASTA & PIZZA SAUCE,22.66
3637300185,Potential,PASTA & PIZZA SAUCE,4.38
3637454117,Uncommitted,GREETING CARDS,54.64
3638090021,Potential,PASTA & PIZZA SAUCE,6.78
3638627697,Premium Loyal,GREETING CARDS,13.97
3639365791,Uncommitted,PASTA & PIZZA SAUCE,5.98
3639506357,Valuable,GREETING CARDS,9.99
3639664767,Potential,GREETING CARDS,9.48
3639664767,Potential,PASTA & PIZZA SAUCE,2.99
3639945181,Premium Loyal,GREETING CARDS,8.08
3639945181,Premium Loyal,PASTA & PIZZA SAUCE,11.09
3640349423,Uncommitted,GREETING CARDS,3.99
3640405205,Uncommitted,PASTA & PIZZA SAUCE,3.29
3640565619,Valuable,GREETING CARDS,4.99
3641068605,Valuable,GREETING CARDS,13.670000000000002
3641325583,Premium Loyal,PASTA & PIZZA SAUCE,1.7
3641639397,Potential,GREETING CARDS,15.260000000000002
3641694497,Premium Loyal,PASTA & PIZZA SAUCE,2.99
3642264821,Uncommitted,GREETING CARDS,13.55
3642264821,Uncommitted,PASTA & PIZZA SAUCE,2.19
3642761521,Premium Loyal,GREETING CARDS,5.29
3642950037,Premium Loyal,GREETING CARDS,26.41
3643214895,Premium Loyal,GREETING CARDS,14.46
3643340667,Premium Loyal,GREETING CARDS,11.94
3643429813,Premium Loyal,GREETING CARDS,6.29
3643487543,Premium Loyal,PASTA & PIZZA SAUCE,4.98
3643598815,Premium Loyal,PASTA & PIZZA SAUCE,7.5600000000000005
3644063717,Lapsed,PASTA & PIZZA SAUCE,3.58
3644536007,Potential,GREETING CARDS,2
3645428267,Potential,PASTA & PIZZA SAUCE,8.780000000000001
3646744305,Premium Loyal,GREETING CARDS,39.5
3647132731,Lapsed,GREETING CARDS,3.99
3647208057,Premium Loyal,NF SHORTENING AND OIL,8.99
3647563275,Potential,GREETING CARDS,4.49
3647727595,Lapsed,GREETING CARDS,9.97
3648228453,Premium Loyal,GREETING CARDS,8.08
3648228453,Premium Loyal,PASTA & PIZZA SAUCE,18.06
3648752025,Potential,GREETING CARDS,10.87
3649484287,Valuable,GREETING CARDS,25.740000000000002
3650429975,Valuable,PASTA & PIZZA SAUCE,3
3651512437,Valuable,PASTA & PIZZA SAUCE,5.98
3652529599,Premium Loyal,GREETING CARDS,8.98
3652529599,Premium Loyal,PASTA & PIZZA SAUCE,4.29
3652808807,Potential,GREETING CARDS,28.54
3653293543,Premium Loyal,GREETING CARDS,10.370000000000001
3653293543,Premium Loyal,PASTA & PIZZA SAUCE,3.39
3653402393,Premium Loyal,GREETING CARDS,4.49
3654022365,Valuable,PASTA & PIZZA SAUCE,20.01
3654702155,Uncommitted,PASTA & PIZZA SAUCE,1.19
3655550055,Valuable,PASTA & PIZZA SAUCE,2.19
3655614111,Premium Loyal,PASTA & PIZZA SAUCE,0.89
3655904651,Potential,PASTA & PIZZA SAUCE,5
3659428669,Premium Loyal,GREETING CARDS,9.42
3659747837,Premium Loyal,GREETING CARDS,9.47
3660157689,Valuable,PASTA & PIZZA SAUCE,13.98
3660270617,Premium Loyal,PASTA & PIZZA SAUCE,1.5
3662608693,Premium Loyal,NF SHORTENING AND OIL,11.48
3662608693,Premium Loyal,PASTA & PIZZA SAUCE,2.29
3668179301,Premium Loyal,GREETING CARDS,11.27
3670575805,Premium Loyal,PASTA & PIZZA SAUCE,5.98
3670660711,Premium Loyal,GREETING CARDS,9.38
3672059893,Uncommitted,PASTA & PIZZA SAUCE,4.5
3673115277,Valuable,NF SHORTENING AND OIL,3.99
3674494847,Potential,GREETING CARDS,21.17
3677252421,Valuable,GREETING CARDS,6.99
3677252421,Valuable,PASTA & PIZZA SAUCE,13.84
3687531611,Premium Loyal,GREETING CARDS,52.27
3691151339,Valuable,PASTA & PIZZA SAUCE,1.99
3692487427,Potential,GREETING CARDS,14.370000000000001
3693717937,Premium Loyal,GREETING CARDS,2.99
3694743885,Premium Loyal,GREETING CARDS,5.98
3696521159,Potential,GREETING CARDS,7.58
3700108585,Premium Loyal,GREETING CARDS,3.49
3700108585,Premium Loyal,PASTA & PIZZA SAUCE,2.5
3702337337,Valuable,PASTA & PIZZA SAUCE,2.59
3702403137,Premium Loyal,PASTA & PIZZA SAUCE,5.28
3702483667,Premium Loyal,GREETING CARDS,3.99
3705342205,Premium Loyal,GREETING CARDS,46.09
3705477041,Valuable,GREETING CARDS,6.99
3705548511,Potential,GREETING CARDS,4.99
3706147897,Premium Loyal,GREETING CARDS,29.740000000000002
3706147897,Premium Loyal,PASTA & PIZZA SAUCE,3.88
3711179659,Premium Loyal,GREETING CARDS,19.42
3713118697,Premium Loyal,PASTA & PIZZA SAUCE,3.29
3713596959,Potential,GREETING CARDS,30.330000000000002
3715480161,Uncommitted,GREETING CARDS,6.99
3716275043,Premium Loyal,PASTA & PIZZA SAUCE,10.780000000000001
3720293979,Premium Loyal,GREETING CARDS,46.21
3720293979,Premium Loyal,PASTA & PIZZA SAUCE,5.89
3722205911,Premium Loyal,PASTA & PIZZA SAUCE,11.92
3727127481,Uncommitted,PASTA & PIZZA SAUCE,3.39
3727464643,Valuable,GREETING CARDS,10.97
3727499445,Premium Loyal,GREETING CARDS,2.39
3730180541,Valuable,PASTA & PIZZA SAUCE,2.98
3730417283,Premium Loyal,PASTA & PIZZA SAUCE,4.38
3731877469,Valuable,GREETING CARDS,6.99
3733533137,Potential,GREETING CARDS,2.29
3733533137,Potential,PASTA & PIZZA SAUCE,3.29
3741379981,Uncommitted,GREETING CARDS,10.99
3744509671,Potential,GREETING CARDS,4
3744509671,Potential,PASTA & PIZZA SAUCE,2.19
3747202391,Premium Loyal,GREETING CARDS,9.98
3747202391,Premium Loyal,PASTA & PIZZA SAUCE,3
3748470897,Premium Loyal,GREETING CARDS,21.740000000000002
3748470897,Premium Loyal,PASTA & PIZZA SAUCE,3.29
3749736095,Uncommitted,GREETING CARDS,3.49
3753781369,Valuable,PASTA & PIZZA SAUCE,1.69
3753888775,Uncommitted,PASTA & PIZZA SAUCE,2.79
3756363423,Premium Loyal,GREETING CARDS,7.99
3756957969,Valuable,PASTA & PIZZA SAUCE,2.5
3757003615,Premium Loyal,GREETING CARDS,28.65
3757003615,Premium Loyal,PASTA & PIZZA SAUCE,17.45
3757710909,Premium Loyal,GREETING CARDS,3.49
3757710909,Premium Loyal,PASTA & PIZZA SAUCE,3.7800000000000002
3761305199,Potential,PASTA & PIZZA SAUCE,6.85
3761638895,Premium Loyal,GREETING CARDS,6.98
3762120667,Potential,GREETING CARDS,2.99
3762159045,Premium Loyal,GREETING CARDS,3.99
3763726725,Potential,GREETING CARDS,10.77
3764381029,Premium Loyal,GREETING CARDS,46.17
3765217391,Premium Loyal,PASTA & PIZZA SAUCE,2.19
3766103217,Premium Loyal,GREETING CARDS,8.98
3766103217,Premium Loyal,NF SHORTENING AND OIL,3.29
3766790343,Premium Loyal,GREETING CARDS,4.29
3767445877,Valuable,PASTA & PIZZA SAUCE,32.15
3767527301,Valuable,PASTA & PIZZA SAUCE,2.19
3767727777,Valuable,NF SHORTENING AND OIL,18.990000000000002
3767754079,Uncommitted,GREETING CARDS,12.48
3767754079,Uncommitted,PASTA & PIZZA SAUCE,3.19
3767922881,Potential,PASTA & PIZZA SAUCE,5.98
3768824631,Potential,PASTA & PIZZA SAUCE,7.58
3768977883,Premium Loyal,GREETING CARDS,7.98
3768977883,Premium Loyal,PASTA & PIZZA SAUCE,9.370000000000001
3768996269,Premium Loyal,GREETING CARDS,26.22
3769035275,Premium Loyal,GREETING CARDS,24.55
3769042377,Premium Loyal,GREETING CARDS,6.99
3769042377,Premium Loyal,PASTA & PIZZA SAUCE,10.67
3769200151,Premium Loyal,GREETING CARDS,73.12
3769200151,Premium Loyal,PASTA & PIZZA SAUCE,5.97
3770978303,Uncommitted,GREETING CARDS,3.79
3771230195,Premium Loyal,GREETING CARDS,55.93
3771230195,Premium Loyal,PASTA & PIZZA SAUCE,4.38
3771667261,Valuable,GREETING CARDS,4.99
3771667261,Valuable,PASTA & PIZZA SAUCE,8.76
3771967129,Uncommitted,GREETING CARDS,12.98
3772009493,Potential,PASTA & PIZZA SAUCE,2
3772010319,Premium Loyal,PASTA & PIZZA SAUCE,2.19
3772027267,Valuable,GREETING CARDS,26.94
3772027267,Valuable,PASTA & PIZZA SAUCE,7.76
3772254921,Valuable,GREETING CARDS,6.2700000000000005
3772270089,Valuable,GREETING CARDS,6.99
3772270089,Valuable,NF SHORTENING AND OIL,10.290000000000001
3772295111,Premium Loyal,GREETING CARDS,9.08
3772451649,Premium Loyal,GREETING CARDS,19.560000000000002
3772515635,Potential,GREETING CARDS,5.48
3772518563,Potential,GREETING CARDS,3.99
3773100479,Premium Loyal,GREETING CARDS,2.49
3773607665,Valuable,PASTA & PIZZA SAUCE,7.99
3774340805,Valuable,GREETING CARDS,3.79
3774395605,Valuable,GREETING CARDS,63.13
3774753795,Potential,PASTA & PIZZA SAUCE,2.5300000000000002
3774753923,Uncommitted,PASTA & PIZZA SAUCE,3.59
3774836075,Valuable,GREETING CARDS,18.55
3774836075,Valuable,PASTA & PIZZA SAUCE,7.98
3774850479,Valuable,GREETING CARDS,6.98
3774879233,Valuable,GREETING CARDS,6.98
3774993297,Potential,GREETING CARDS,26.43
3775161985,Valuable,PASTA & PIZZA SAUCE,5.67
3775196227,Uncommitted,GREETING CARDS,3.99
3775212007,Uncommitted,GREETING CARDS,7.58
3775225781,Uncommitted,GREETING CARDS,6.99
3776253045,Uncommitted,GREETING CARDS,7.99
3776253045,Uncommitted,PASTA & PIZZA SAUCE,3.6
3776493683,Premium Loyal,GREETING CARDS,3.79
3776493683,Premium Loyal,NF SHORTENING AND OIL,4.99
3776493683,Premium Loyal,PASTA & PIZZA SAUCE,5.98
3776523033,Premium Loyal,GREETING CARDS,4.99
3776523033,Premium Loyal,PASTA & PIZZA SAUCE,2.99
3776691275,Uncommitted,GREETING CARDS,3.98
3776912265,Valuable,GREETING CARDS,57.35
3776921799,Premium Loyal,GREETING CARDS,0.99
3777337099,Premium Loyal,GREETING CARDS,21.75
3777337099,Premium Loyal,PASTA & PIZZA SAUCE,6.1899999999999995
3777570701,Premium Loyal,GREETING CARDS,2.99
3778113837,Premium Loyal,GREETING CARDS,16.26
3778113837,Premium Loyal,PASTA & PIZZA SAUCE,8.98
3778389327,Premium Loyal,GREETING CARDS,27.44
3778389327,Premium Loyal,PASTA & PIZZA SAUCE,3.7800000000000002
3778550303,Uncommitted,PASTA & PIZZA SAUCE,6.57
3778802193,Valuable,GREETING CARDS,45.43
3778802193,Valuable,PASTA & PIZZA SAUCE,1.5
3779729511,Potential,PASTA & PIZZA SAUCE,2.19
3781518765,Lapsed,PASTA & PIZZA SAUCE,16.53
3781835113,Premium Loyal,PASTA & PIZZA SAUCE,5.67
3782151939,Uncommitted,GREETING CARDS,1.98
3782173683,Uncommitted,PASTA & PIZZA SAUCE,15.540000000000001
3782724743,Premium Loyal,GREETING CARDS,6.99
3782964775,Premium Loyal,GREETING CARDS,9.58
3782964775,Premium Loyal,PASTA & PIZZA SAUCE,4.07
3783055077,Potential,PASTA & PIZZA SAUCE,3
3783890463,Uncommitted,GREETING CARDS,37.93
3783985607,Potential,PASTA & PIZZA SAUCE,6.78
3784993023,Premium Loyal,GREETING CARDS,16.75
3784993023,Premium Loyal,PASTA & PIZZA SAUCE,3.99
3785235743,Uncommitted,GREETING CARDS,5.99
3785250797,Valuable,GREETING CARDS,3.99
3785334593,Valuable,GREETING CARDS,2.9699999999999998
3785334593,Valuable,PASTA & PIZZA SAUCE,3.33
3785753893,Uncommitted,GREETING CARDS,2.99
3785753893,Uncommitted,PASTA & PIZZA SAUCE,3.37
3785769457,Valuable,PASTA & PIZZA SAUCE,5.76
3785837503,Valuable,PASTA & PIZZA SAUCE,13.83
3785844027,Potential,GREETING CARDS,10.48
3785844027,Potential,PASTA & PIZZA SAUCE,1.99
3786125821,Uncommitted,GREETING CARDS,1.29
3786275129,Premium Loyal,PASTA & PIZZA SAUCE,4
3786374513,Potential,GREETING CARDS,3.79
3786604073,Valuable,GREETING CARDS,3.99
3786604073,Valuable,PASTA & PIZZA SAUCE,8.39
3786729899,Premium Loyal,GREETING CARDS,20.35
3787189135,Premium Loyal,GREETING CARDS,16.97
3787189135,Premium Loyal,PASTA & PIZZA SAUCE,11.14
3787248087,Potential,PASTA & PIZZA SAUCE,2.49
3787604359,Valuable,GREETING CARDS,3.59
3787604359,Valuable,PASTA & PIZZA SAUCE,0.89
3787700979,Valuable,GREETING CARDS,11.940000000000001
3787700979,Valuable,PASTA & PIZZA SAUCE,3.7800000000000002
3788518331,Premium Loyal,NF SHORTENING AND OIL,1.99
3789208423,Valuable,PASTA & PIZZA SAUCE,2.6
3789634189,Premium Loyal,GREETING CARDS,13.06
3789760097,Valuable,GREETING CARDS,28.42
3789847575,Potential,GREETING CARDS,10.940000000000001
3789847575,Potential,PASTA & PIZZA SAUCE,1.8900000000000001
3789871797,Valuable,GREETING CARDS,3.99
3789871797,Valuable,PASTA & PIZZA SAUCE,3.98
3790085143,Uncommitted,GREETING CARDS,19.25
3790139285,Premium Loyal,GREETING CARDS,1.98
3790139285,Premium Loyal,PASTA & PIZZA SAUCE,1.99
3790244805,Valuable,GREETING CARDS,20.630000000000003
3790526791,Valuable,GREETING CARDS,18.27
3790526791,Valuable,PASTA & PIZZA SAUCE,5.45
3790968593,Valuable,GREETING CARDS,32.72
3790968593,Valuable,PASTA & PIZZA SAUCE,3.38
3791097009,Premium Loyal,PASTA & PIZZA SAUCE,7
3791460213,Premium Loyal,GREETING CARDS,36.13
3791460213,Premium Loyal,PASTA & PIZZA SAUCE,10.07
3791586691,Valuable,GREETING CARDS,2
3791586691,Valuable,PASTA & PIZZA SAUCE,2.99
3791605639,Premium Loyal,PASTA & PIZZA SAUCE,21.35
3791908445,Premium Loyal,GREETING CARDS,31.740000000000002
3791908445,Premium Loyal,PASTA & PIZZA SAUCE,12.350000000000001
3792226723,Premium Loyal,PASTA & PIZZA SAUCE,1.3900000000000001
3792262175,Premium Loyal,PASTA & PIZZA SAUCE,14.06
3792795693,Potential,PASTA & PIZZA SAUCE,2.99
3793017151,Potential,GREETING CARDS,3.99
3793017151,Potential,PASTA & PIZZA SAUCE,5.98
3793186999,Uncommitted,PASTA & PIZZA SAUCE,4.99
3793560515,Potential,GREETING CARDS,57.550000000000004
3793585355,Valuable,NF SHORTENING AND OIL,11.19
3793889863,Valuable,GREETING CARDS,9.47
3793889863,Valuable,PASTA & PIZZA SAUCE,7.98
3793935405,Potential,GREETING CARDS,2.99
3793943143,Valuable,PASTA & PIZZA SAUCE,1.8900000000000001
3795110815,Premium Loyal,GREETING CARDS,3.99
3795110815,Premium Loyal,PASTA & PIZZA SAUCE,5.23
3795294413,Potential,GREETING CARDS,10.58
3795297945,Potential,GREETING CARDS,5.99
3795297945,Potential,PASTA & PIZZA SAUCE,4.49
3795361751,Premium Loyal,PASTA & PIZZA SAUCE,15.540000000000001
3795540705,Premium Loyal,GREETING CARDS,7.970000000000001
3795540705,Premium Loyal,PASTA & PIZZA SAUCE,4.08
3795899151,Premium Loyal,PASTA & PIZZA SAUCE,5.98
3796307213,Premium Loyal,PASTA & PIZZA SAUCE,8.97
3796320753,Potential,GREETING CARDS,14.96
3796380589,Valuable,PASTA & PIZZA SAUCE,5.98
3796606217,Premium Loyal,PASTA & PIZZA SAUCE,6.26
3796821781,Premium Loyal,PASTA & PIZZA SAUCE,3.99
3796910489,Premium Loyal,GREETING CARDS,5.29
3796910489,Premium Loyal,NF SHORTENING AND OIL,8.49
3796910489,Premium Loyal,PASTA & PIZZA SAUCE,2.19
3796929179,Valuable,GREETING CARDS,5.99
3797016205,Valuable,GREETING CARDS,5.59
3797016205,Valuable,PASTA & PIZZA SAUCE,2.99
3797019545,Uncommitted,GREETING CARDS,2
3797154593,Premium Loyal,PASTA & PIZZA SAUCE,1.8900000000000001
3797351825,Valuable,PASTA & PIZZA SAUCE,1.99
3797354373,Valuable,GREETING CARDS,52.4
3797405635,Uncommitted,GREETING CARDS,5.99
3797609053,Potential,GREETING CARDS,4.49
3797649413,Valuable,GREETING CARDS,12.96
3797672961,Uncommitted,PASTA & PIZZA SAUCE,2.67
3797773851,Valuable,GREETING CARDS,24.96
3797845793,Premium Loyal,PASTA & PIZZA SAUCE,5.95
3797888575,Valuable,GREETING CARDS,9.97
3798185529,Uncommitted,GREETING CARDS,14.99
3798185529,Uncommitted,PASTA & PIZZA SAUCE,11.97
3798846449,Uncommitted,PASTA & PIZZA SAUCE,1.3900000000000001
3799121499,Premium Loyal,PASTA & PIZZA SAUCE,4.38
3799240119,Uncommitted,GREETING CARDS,3.99
3799448379,Premium Loyal,GREETING CARDS,30.220000000000002
3799498703,Premium Loyal,GREETING CARDS,13.97
3799519479,Valuable,GREETING CARDS,11.58
3799816415,Potential,GREETING CARDS,4.29
3799988815,Premium Loyal,GREETING CARDS,3.49
3800876355,Premium Loyal,GREETING CARDS,3.99
3800876355,Premium Loyal,PASTA & PIZZA SAUCE,8.46
3800910587,Premium Loyal,PASTA & PIZZA SAUCE,4.98
3800949871,Valuable,GREETING CARDS,5.98
3800949871,Valuable,PASTA & PIZZA SAUCE,1.8900000000000001
3800968003,Potential,GREETING CARDS,3.99
3801045487,Premium Loyal,GREETING CARDS,4.98
3801045487,Premium Loyal,PASTA & PIZZA SAUCE,10.88
3801324619,Valuable,GREETING CARDS,5.99
3801324619,Valuable,PASTA & PIZZA SAUCE,3.29
3801401699,Valuable,GREETING CARDS,4.99
3801587679,Valuable,GREETING CARDS,4.99
3801594557,Potential,PASTA & PIZZA SAUCE,5.98
3801707987,Potential,PASTA & PIZZA SAUCE,4.38
3801874447,Valuable,NF SHORTENING AND OIL,35.980000000000004
3801926963,Potential,PASTA & PIZZA SAUCE,3.98
3802327833,Premium Loyal,GREETING CARDS,22.560000000000002
3802327833,Premium Loyal,PASTA & PIZZA SAUCE,1.19
3802339003,Potential,GREETING CARDS,7.98
3802790999,Potential,GREETING CARDS,3.49
3802790999,Potential,PASTA & PIZZA SAUCE,2.19
3802837621,Potential,GREETING CARDS,3.99
3802841277,Potential,PASTA & PIZZA SAUCE,9.67
3803040451,Uncommitted,GREETING CARDS,5.59
3803067973,Premium Loyal,PASTA & PIZZA SAUCE,1.3900000000000001
3803384407,Premium Loyal,PASTA & PIZZA SAUCE,1.79
3803680669,Uncommitted,PASTA & PIZZA SAUCE,1.3900000000000001
3804218277,Premium Loyal,NF SHORTENING AND OIL,5.49
3804218277,Premium Loyal,PASTA & PIZZA SAUCE,2.5
3804227155,Valuable,GREETING CARDS,17.44
3804227155,Valuable,PASTA & PIZZA SAUCE,8.58
3804233827,Potential,PASTA & PIZZA SAUCE,2.38
3804317755,Premium Loyal,GREETING CARDS,8.08
3804317755,Premium Loyal,NF SHORTENING AND OIL,3.49
3804612681,Premium Loyal,GREETING CARDS,18.47
3804612681,Premium Loyal,PASTA & PIZZA SAUCE,14.75
3804930191,Premium Loyal,GREETING CARDS,11.280000000000001
3805064887,Premium Loyal,GREETING CARDS,13.440000000000001
3805064887,Premium Loyal,PASTA & PIZZA SAUCE,1.5
3805216425,Valuable,GREETING CARDS,9.97
3805216425,Valuable,PASTA & PIZZA SAUCE,9.97
3805328171,Uncommitted,GREETING CARDS,19.25
3805524013,Valuable,PASTA & PIZZA SAUCE,8.58
3805717535,Premium Loyal,PASTA & PIZZA SAUCE,8.68
3805997985,Valuable,GREETING CARDS,5.49
3806154851,Valuable,GREETING CARDS,3.99
3806455405,Premium Loyal,GREETING CARDS,26.64
3806455405,Premium Loyal,PASTA & PIZZA SAUCE,7.470000000000001
3806717109,Valuable,GREETING CARDS,14.370000000000001
3807282733,Potential,PASTA & PIZZA SAUCE,2.99
3807522447,Premium Loyal,GREETING CARDS,5.98
3807541629,Potential,GREETING CARDS,16.98
3807541629,Potential,PASTA & PIZZA SAUCE,1.19
3807563863,Premium Loyal,GREETING CARDS,13.97
3807563863,Premium Loyal,PASTA & PIZZA SAUCE,6.98
3807599135,Premium Loyal,GREETING CARDS,3.59
3807599135,Premium Loyal,PASTA & PIZZA SAUCE,2
3807626379,Valuable,PASTA & PIZZA SAUCE,11.51
3807850607,Potential,PASTA & PIZZA SAUCE,2.99
3807885829,Premium Loyal,NF SHORTENING AND OIL,10.98
3808098159,Valuable,PASTA & PIZZA SAUCE,5.58
3808304333,Premium Loyal,GREETING CARDS,2
3808304333,Premium Loyal,PASTA & PIZZA SAUCE,2.49
3808933123,Uncommitted,GREETING CARDS,3.99
3809249725,Premium Loyal,GREETING CARDS,1.99
3809336807,Valuable,GREETING CARDS,3.79
3809398777,Uncommitted,PASTA & PIZZA SAUCE,2.5
3809912077,Uncommitted,PASTA & PIZZA SAUCE,2.69
3810401591,Potential,GREETING CARDS,3.99
3810651891,Premium Loyal,PASTA & PIZZA SAUCE,6.27
3811002903,Premium Loyal,PASTA & PIZZA SAUCE,5.970000000000001
3811407787,Potential,GREETING CARDS,12.670000000000002
3812159095,Potential,NF SHORTENING AND OIL,4.65
3812576719,Premium Loyal,PASTA & PIZZA SAUCE,6.78
3812850881,Uncommitted,GREETING CARDS,9.08
3813147185,Premium Loyal,GREETING CARDS,14.16
3813503551,Lapsed,PASTA & PIZZA SAUCE,2.19
3813729813,Premium Loyal,GREETING CARDS,60.38
3813755861,Uncommitted,GREETING CARDS,16.97
3813755861,Uncommitted,PASTA & PIZZA SAUCE,4.99
3813770451,Premium Loyal,GREETING CARDS,4.98
3813770451,Premium Loyal,PASTA & PIZZA SAUCE,2.99
3813771213,Valuable,PASTA & PIZZA SAUCE,4.38
3814102855,Potential,PASTA & PIZZA SAUCE,2.19
3814162901,Premium Loyal,GREETING CARDS,6.98
3814162901,Premium Loyal,PASTA & PIZZA SAUCE,16.82
3814404733,Valuable,GREETING CARDS,3.59
3814822681,Uncommitted,GREETING CARDS,4.49
3815806453,Premium Loyal,PASTA & PIZZA SAUCE,2.19
3815923035,Premium Loyal,PASTA & PIZZA SAUCE,3.29
3816022475,Premium Loyal,GREETING CARDS,18.57
3816030055,Premium Loyal,NF SHORTENING AND OIL,4.4
3816077177,Valuable,GREETING CARDS,4.99
3816081463,Premium Loyal,GREETING CARDS,33.9
3816081463,Premium Loyal,PASTA & PIZZA SAUCE,2.6
3816155235,Premium Loyal,PASTA & PIZZA SAUCE,5.29
3816198103,Potential,PASTA & PIZZA SAUCE,2.7800000000000002
3816635971,Premium Loyal,GREETING CARDS,13.280000000000001
3816743575,Premium Loyal,GREETING CARDS,16.27
3817337171,Valuable,GREETING CARDS,3.99
3817337171,Valuable,PASTA & PIZZA SAUCE,2.19
3817343837,Potential,GREETING CARDS,10.97
3817385581,Valuable,GREETING CARDS,18.51
3817431063,Potential,PASTA & PIZZA SAUCE,7.18
3817552615,Premium Loyal,GREETING CARDS,7.48
3817552615,Premium Loyal,PASTA & PIZZA SAUCE,5.28
3817583789,Potential,GREETING CARDS,20.04
3817669861,Potential,PASTA & PIZZA SAUCE,2.38
3818020689,Valuable,PASTA & PIZZA SAUCE,4.38
3818855251,Valuable,PASTA & PIZZA SAUCE,4.79
3819300371,Valuable,PASTA & PIZZA SAUCE,1.9000000000000001
3819354539,Uncommitted,PASTA & PIZZA SAUCE,2.19
3819525887,Uncommitted,GREETING CARDS,3.99
3819614239,Premium Loyal,GREETING CARDS,15.36
3819748193,Valuable,PASTA & PIZZA SAUCE,2.98
3820185063,Uncommitted,PASTA & PIZZA SAUCE,2.79
3820259381,Premium Loyal,GREETING CARDS,10.97
3820259381,Premium Loyal,PASTA & PIZZA SAUCE,3.97
3820512241,Uncommitted,GREETING CARDS,10.07
3820535205,Premium Loyal,PASTA & PIZZA SAUCE,2.5
3820663725,Premium Loyal,PASTA & PIZZA SAUCE,3.34
3821263835,Valuable,PASTA & PIZZA SAUCE,2.38
3821575693,Valuable,PASTA & PIZZA SAUCE,3.89
3821845145,Potential,GREETING CARDS,8.98
3821921583,Premium Loyal,GREETING CARDS,5.29
3822434487,Potential,PASTA & PIZZA SAUCE,2.99
3822891917,Valuable,GREETING CARDS,7.98
3822891917,Valuable,PASTA & PIZZA SAUCE,2.19
3823120469,Uncommitted,GREETING CARDS,5.49
3823138485,Uncommitted,GREETING CARDS,5.49
3823138485,Uncommitted,PASTA & PIZZA SAUCE,2
3823444969,Uncommitted,GREETING CARDS,2.99
3823581665,Uncommitted,PASTA & PIZZA SAUCE,3
3823881777,Potential,GREETING CARDS,3.99
3823881777,Potential,PASTA & PIZZA SAUCE,3.5
3823929051,Valuable,GREETING CARDS,8.97
3824257863,Potential,PASTA & PIZZA SAUCE,2.19
3824712815,Potential,PASTA & PIZZA SAUCE,7.7700000000000005
3826127317,Uncommitted,GREETING CARDS,5.98
3826562059,Premium Loyal,GREETING CARDS,15.56
3826562059,Premium Loyal,PASTA & PIZZA SAUCE,6.59
3826742907,Potential,PASTA & PIZZA SAUCE,1.8900000000000001
3826990785,Premium Loyal,PASTA & PIZZA SAUCE,1.49
3827627597,Potential,PASTA & PIZZA SAUCE,7.18
3827743959,Uncommitted,PASTA & PIZZA SAUCE,7.18
3828037179,Valuable,GREETING CARDS,4.98
3828079183,Potential,PASTA & PIZZA SAUCE,10.23
3831543841,Premium Loyal,GREETING CARDS,13.26
3831543841,Premium Loyal,NF SHORTENING AND OIL,6.99
3831543841,Premium Loyal,PASTA & PIZZA SAUCE,3
3831931385,Premium Loyal,PASTA & PIZZA SAUCE,1.99
3832185751,Uncommitted,GREETING CARDS,38.57
4853770067,Potential,PASTA & PIZZA SAUCE,3.76
4857747787,Potential,GREETING CARDS,10.370000000000001
4872224845,Valuable,PASTA & PIZZA SAUCE,10
4886938391,Potential,PASTA & PIZZA SAUCE,13.87
4887046077,Potential,GREETING CARDS,14.27
4887046077,Potential,PASTA & PIZZA SAUCE,2.49
4887179235,Lapsed,PASTA & PIZZA SAUCE,3.99
4887200257,Valuable,PASTA & PIZZA SAUCE,17.14
4887210943,Potential,PASTA & PIZZA SAUCE,5
4890906461,Premium Loyal,GREETING CARDS,11.760000000000002
4890906461,Premium Loyal,PASTA & PIZZA SAUCE,1.99
4890912295,Valuable,GREETING CARDS,15.98
4891037127,Premium Loyal,GREETING CARDS,29.740000000000002
4891037127,Premium Loyal,NF SHORTENING AND OIL,7.19
4891146703,Uncommitted,PASTA & PIZZA SAUCE,2.99
4891212437,Uncommitted,PASTA & PIZZA SAUCE,7.5600000000000005
4975096963,Premium Loyal,GREETING CARDS,4.99
4975096963,Premium Loyal,PASTA & PIZZA SAUCE,3
4987262359,Valuable,GREETING CARDS,8.24
4998920831,Potential,PASTA & PIZZA SAUCE,1.99
4998928909,Uncommitted,GREETING CARDS,9.61
4998976087,Premium Loyal,PASTA & PIZZA SAUCE,4
4998996947,Lapsed,GREETING CARDS,5.95
4999039915,Potential,GREETING CARDS,3.79
4999039915,Potential,PASTA & PIZZA SAUCE,9.379999999999999
4999062499,Valuable,GREETING CARDS,3.49
4999066415,Uncommitted,PASTA & PIZZA SAUCE,1.49
4999110783,Valuable,PASTA & PIZZA SAUCE,2.89
4999112069,Valuable,GREETING CARDS,3.99
4999113725,Premium Loyal,GREETING CARDS,66.68
4999114997,Uncommitted,PASTA & PIZZA SAUCE,2.19
4999152211,Premium Loyal,GREETING CARDS,17.96
4999152211,Premium Loyal,PASTA & PIZZA SAUCE,25.62
4999167387,Potential,GREETING CARDS,44.28
4999167387,Potential,PASTA & PIZZA SAUCE,1.99
4999173687,Potential,PASTA & PIZZA SAUCE,1.79
4999177173,Valuable,GREETING CARDS,5.67
4999185757,Potential,PASTA & PIZZA SAUCE,7.45
4999189199,Potential,GREETING CARDS,11.64
4999189199,Potential,PASTA & PIZZA SAUCE,6
4999193605,Potential,GREETING CARDS,9.38
4999193605,Potential,PASTA & PIZZA SAUCE,8.99
4999261601,Valuable,GREETING CARDS,6.49
4999261601,Valuable,PASTA & PIZZA SAUCE,11.64
4999263847,Uncommitted,NF SHORTENING AND OIL,7.99
4999294013,Potential,GREETING CARDS,8.98
4999314237,Premium Loyal,PASTA & PIZZA SAUCE,1.43
4999329415,Valuable,PASTA & PIZZA SAUCE,14.450000000000001
4999349091,Premium Loyal,GREETING CARDS,7.48
4999425989,Uncommitted,NF SHORTENING AND OIL,7.79
4999429559,Lapsed,GREETING CARDS,4.79
4999446373,Potential,GREETING CARDS,5.99
4999462153,Potential,GREETING CARDS,1.19
4999462153,Potential,PASTA & PIZZA SAUCE,1.5
4999474249,Premium Loyal,PASTA & PIZZA SAUCE,4.03
4999509789,Premium Loyal,PASTA & PIZZA SAUCE,1.8900000000000001
4999511159,Potential,GREETING CARDS,3.69
4999516675,Uncommitted,PASTA & PIZZA SAUCE,3.98
4999518149,Potential,GREETING CARDS,9.68
4999556915,Potential,GREETING CARDS,13.97
4999556943,Potential,PASTA & PIZZA SAUCE,3.99
4999563175,Premium Loyal,PASTA & PIZZA SAUCE,2
4999567767,Uncommitted,GREETING CARDS,13.370000000000001
4999607009,Premium Loyal,PASTA & PIZZA SAUCE,6.98
4999645337,Premium Loyal,GREETING CARDS,0.99
4999645337,Premium Loyal,PASTA & PIZZA SAUCE,32.760000000000005
4999650735,Premium Loyal,GREETING CARDS,5.23
4999650735,Premium Loyal,NF SHORTENING AND OIL,5.19
4999651039,Potential,GREETING CARDS,16.37
5002883755,Premium Loyal,PASTA & PIZZA SAUCE,11.559999999999999
5002889739,Valuable,GREETING CARDS,6.58
5002941371,Potential,PASTA & PIZZA SAUCE,3
5002941917,Potential,GREETING CARDS,11.68
5002941985,Valuable,GREETING CARDS,3.99
5002947975,Uncommitted,GREETING CARDS,13.98
5002987567,Uncommitted,GREETING CARDS,44.71
5002990075,Lapsed,PASTA & PIZZA SAUCE,3.98
5003025521,Uncommitted,GREETING CARDS,3.99
5003051565,Valuable,PASTA & PIZZA SAUCE,4.88
5003065313,Uncommitted,GREETING CARDS,1.99
5003101967,Uncommitted,PASTA & PIZZA SAUCE,3
5003171041,Uncommitted,PASTA & PIZZA SAUCE,3.38
5003172823,Potential,PASTA & PIZZA SAUCE,3.87
5003183039,Potential,PASTA & PIZZA SAUCE,2
5003190579,Valuable,PASTA & PIZZA SAUCE,4.99
5003199975,Premium Loyal,PASTA & PIZZA SAUCE,2
5003233089,Premium Loyal,PASTA & PIZZA SAUCE,3
5003234195,Uncommitted,GREETING CARDS,4.99
5003234651,Uncommitted,GREETING CARDS,4.99
5003234651,Uncommitted,PASTA & PIZZA SAUCE,2.99
5003243573,Premium Loyal,GREETING CARDS,3.49
5003243573,Premium Loyal,PASTA & PIZZA SAUCE,7.36
5003244655,Premium Loyal,PASTA & PIZZA SAUCE,2.99
5003245865,Premium Loyal,GREETING CARDS,24.96
5003250755,Uncommitted,GREETING CARDS,1.99
5003253151,Valuable,GREETING CARDS,8.68
5003256545,Valuable,PASTA & PIZZA SAUCE,3
5003298603,Premium Loyal,GREETING CARDS,4.69
5003298603,Premium Loyal,PASTA & PIZZA SAUCE,7.5
5003300615,Potential,GREETING CARDS,20.94
5003306413,Potential,PASTA & PIZZA SAUCE,1.69
5003329355,Valuable,PASTA & PIZZA SAUCE,4
5003343269,Uncommitted,PASTA & PIZZA SAUCE,11.81
5003380693,Valuable,PASTA & PIZZA SAUCE,3
5003384263,Premium Loyal,PASTA & PIZZA SAUCE,18.060000000000002
5003386619,Premium Loyal,GREETING CARDS,4.49
5003393573,Uncommitted,GREETING CARDS,5.99
5003410281,Uncommitted,GREETING CARDS,6.29
5003426241,Premium Loyal,GREETING CARDS,26.34
5003435449,Valuable,GREETING CARDS,2.99
5003435449,Valuable,PASTA & PIZZA SAUCE,5.78
5003443381,Uncommitted,GREETING CARDS,2.49
5003454691,Premium Loyal,GREETING CARDS,32.13
5003455347,Premium Loyal,GREETING CARDS,12.98
5003455347,Premium Loyal,PASTA & PIZZA SAUCE,5.97
5003500873,Potential,GREETING CARDS,33.65
5003526447,Uncommitted,GREETING CARDS,2.99
5003541513,Uncommitted,GREETING CARDS,7.98
5003573285,Uncommitted,PASTA & PIZZA SAUCE,4.08
5003612241,Valuable,PASTA & PIZZA SAUCE,1.3900000000000001
5003625867,Uncommitted,PASTA & PIZZA SAUCE,5.99
5003635983,Uncommitted,GREETING CARDS,2.99
5003651017,Uncommitted,GREETING CARDS,5.67
5003655185,Uncommitted,PASTA & PIZZA SAUCE,2.19
5003659521,Uncommitted,GREETING CARDS,11.41
5005898039,Potential,GREETING CARDS,15.27
5005965439,Uncommitted,PASTA & PIZZA SAUCE,2.99
5005975611,Potential,PASTA & PIZZA SAUCE,2.19
5006031699,Uncommitted,PASTA & PIZZA SAUCE,8.47
5006046877,Uncommitted,PASTA & PIZZA SAUCE,3.99
5006061699,Premium Loyal,PASTA & PIZZA SAUCE,13.23
5009833121,Uncommitted,PASTA & PIZZA SAUCE,4.99
5009875813,Potential,NF SHORTENING AND OIL,6.99
5009875813,Potential,PASTA & PIZZA SAUCE,19.43
5009898227,Uncommitted,GREETING CARDS,13.940000000000001
5009998889,Premium Loyal,GREETING CARDS,3.59
5009998889,Premium Loyal,PASTA & PIZZA SAUCE,8.18
5010030053,Valuable,PASTA & PIZZA SAUCE,4.38
5010031429,Uncommitted,GREETING CARDS,3.99
5010079247,Valuable,GREETING CARDS,0.29
5010111565,Premium Loyal,PASTA & PIZZA SAUCE,7.5
5070029875,Potential,PASTA & PIZZA SAUCE,8.97
5097848749,Valuable,PASTA & PIZZA SAUCE,4.38
5153988775,Valuable,GREETING CARDS,6.29
5153988775,Valuable,PASTA & PIZZA SAUCE,9.98
5173768353,Valuable,PASTA & PIZZA SAUCE,10.16
5173781603,Valuable,NF SHORTENING AND OIL,6.99
5173782461,Uncommitted,PASTA & PIZZA SAUCE,3.99
5173886895,Uncommitted,GREETING CARDS,6.49
5173912807,Uncommitted,GREETING CARDS,3.49
5173986553,Valuable,PASTA & PIZZA SAUCE,8.16
5174029985,Uncommitted,GREETING CARDS,5.98
5174096649,Uncommitted,GREETING CARDS,3.49
5177800087,Valuable,GREETING CARDS,6
5177848013,Premium Loyal,GREETING CARDS,5.99
5177848013,Premium Loyal,PASTA & PIZZA SAUCE,26.910000000000004
5177898173,Uncommitted,PASTA & PIZZA SAUCE,2.38
5177902977,Uncommitted,PASTA & PIZZA SAUCE,1.5
5177945567,Uncommitted,GREETING CARDS,9.47
5177945567,Uncommitted,PASTA & PIZZA SAUCE,9.56
5177947099,Valuable,GREETING CARDS,5.970000000000001
5177947099,Valuable,PASTA & PIZZA SAUCE,1.69
5178029055,Valuable,PASTA & PIZZA SAUCE,3.59
5178030411,Potential,PASTA & PIZZA SAUCE,4.880000000000001
5207616533,Uncommitted,GREETING CARDS,3.9800000000000004
5251395909,Uncommitted,PASTA & PIZZA SAUCE,1
5255213415,Valuable,PASTA & PIZZA SAUCE,2
5264979853,Valuable,PASTA & PIZZA SAUCE,3.7800000000000002
5268783693,Valuable,GREETING CARDS,3.49
5268783693,Valuable,PASTA & PIZZA SAUCE,4.38
5268815817,Uncommitted,PASTA & PIZZA SAUCE,4.8
5289109669,Valuable,GREETING CARDS,4.59
5304740381,Premium Loyal,GREETING CARDS,11.98
5304740381,Premium Loyal,PASTA & PIZZA SAUCE,6.89
5365240671,Uncommitted,GREETING CARDS,6.29
5389339115,Valuable,PASTA & PIZZA SAUCE,10.47
5389385769,Potential,GREETING CARDS,41.120000000000005
5389451913,Valuable,PASTA & PIZZA SAUCE,2.5
5389549061,Potential,PASTA & PIZZA SAUCE,4.880000000000001
5389569125,Potential,PASTA & PIZZA SAUCE,3.7800000000000002
5396945051,Uncommitted,PASTA & PIZZA SAUCE,6.57
5396994081,Premium Loyal,GREETING CARDS,8.530000000000001
5397045757,Valuable,PASTA & PIZZA SAUCE,12.95
5397156057,Valuable,PASTA & PIZZA SAUCE,1.8900000000000001
5397176193,Premium Loyal,PASTA & PIZZA SAUCE,28.03
5397209397,Potential,PASTA & PIZZA SAUCE,10.36
5397239895,Uncommitted,PASTA & PIZZA SAUCE,1.78
5425175901,Premium Loyal,GREETING CARDS,9.98
5425338307,Valuable,PASTA & PIZZA SAUCE,1.5
5533741569,Potential,PASTA & PIZZA SAUCE,3
5541123783,Potential,PASTA & PIZZA SAUCE,5.48
5541175005,Potential,GREETING CARDS,9.97
5545146777,Lapsed,PASTA & PIZZA SAUCE,8.16
5621109473,Uncommitted,GREETING CARDS,8.97
5621207075,Valuable,PASTA & PIZZA SAUCE,1
5625044283,Uncommitted,PASTA & PIZZA SAUCE,4.38
5625056219,Valuable,PASTA & PIZZA SAUCE,2.5
5628979711,Valuable,GREETING CARDS,1.98
5646030669,Valuable,GREETING CARDS,16.37
5665142893,Potential,PASTA & PIZZA SAUCE,2.19
5665305389,Valuable,NF SHORTENING AND OIL,9.49
5669237583,Uncommitted,GREETING CARDS,8.48
5673175019,Premium Loyal,PASTA & PIZZA SAUCE,9.48
5740114071,Premium Loyal,GREETING CARDS,3.99
5740114071,Premium Loyal,PASTA & PIZZA SAUCE,1.3900000000000001
5955416217,Premium Loyal,GREETING CARDS,7.99
5955416217,Premium Loyal,PASTA & PIZZA SAUCE,4.38
6007480551,Premium Loyal,PASTA & PIZZA SAUCE,4.800000000000001
6008215249,Valuable,PASTA & PIZZA SAUCE,13.969999999999999
6013458989,Uncommitted,GREETING CARDS,5.59
6013553365,Potential,GREETING CARDS,10.48
6013587021,Potential,PASTA & PIZZA SAUCE,6.5600000000000005
6013619503,Valuable,PASTA & PIZZA SAUCE,11.96
6017334291,Uncommitted,PASTA & PIZZA SAUCE,2
6017374867,Uncommitted,PASTA & PIZZA SAUCE,1.5
6021161317,Premium Loyal,GREETING CARDS,6.99
6021161317,Premium Loyal,NF SHORTENING AND OIL,11.030000000000001
6021161317,Premium Loyal,PASTA & PIZZA SAUCE,8.17
6023595209,Premium Loyal,PASTA & PIZZA SAUCE,4.2
6109988649,Valuable,PASTA & PIZZA SAUCE,2.19
6110039489,Premium Loyal,PASTA & PIZZA SAUCE,2.33
6110119013,Premium Loyal,PASTA & PIZZA SAUCE,5.78
6114006715,Premium Loyal,GREETING CARDS,8.06
6126128329,Uncommitted,PASTA & PIZZA SAUCE,3.7800000000000002
6130140661,Potential,GREETING CARDS,3.99
6130140661,Potential,PASTA & PIZZA SAUCE,1.8900000000000001
6134778053,Uncommitted,PASTA & PIZZA SAUCE,1.5
6138074695,Valuable,PASTA & PIZZA SAUCE,15.34
6182134813,Premium Loyal,GREETING CARDS,10.98
6226243525,Premium Loyal,PASTA & PIZZA SAUCE,29.52
6238344301,Uncommitted,PASTA & PIZZA SAUCE,15.36
6246277509,Potential,GREETING CARDS,4.99
6265987035,Premium Loyal,GREETING CARDS,46.980000000000004
6265987035,Premium Loyal,PASTA & PIZZA SAUCE,7.66
6273959615,Uncommitted,PASTA & PIZZA SAUCE,2.99
6317938911,Premium Loyal,PASTA & PIZZA SAUCE,3.49
6402149001,Uncommitted,GREETING CARDS,11.56
6410013717,Potential,GREETING CARDS,3.99
6743573651,Uncommitted,PASTA & PIZZA SAUCE,1.8900000000000001
6751647823,Uncommitted,PASTA & PIZZA SAUCE,2.19
6755661281,Uncommitted,GREETING CARDS,23.93
6755661281,Uncommitted,PASTA & PIZZA SAUCE,1.8900000000000001
6755725281,Potential,PASTA & PIZZA SAUCE,1.5
7667712253,Premium Loyal,GREETING CARDS,12.57
7667712253,Premium Loyal,PASTA & PIZZA SAUCE,2.19
8367384565,Premium Loyal,GREETING CARDS,12.98
8367384565,Premium Loyal,PASTA & PIZZA SAUCE,10.95
8371531687,Uncommitted,PASTA & PIZZA SAUCE,3.57
8375398703,Uncommitted,PASTA & PIZZA SAUCE,6.18
8375483857,Uncommitted,PASTA & PIZZA SAUCE,4
8375529493,Uncommitted,GREETING CARDS,4.48
8375540793,Potential,GREETING CARDS,6.59
8375540793,Potential,PASTA & PIZZA SAUCE,8.97
8379351241,Potential,PASTA & PIZZA SAUCE,12.65
8379391945,Valuable,GREETING CARDS,4.69
8379391945,Valuable,PASTA & PIZZA SAUCE,7.5600000000000005
8379499031,Premium Loyal,GREETING CARDS,20.53
8379499031,Premium Loyal,PASTA & PIZZA SAUCE,10.82
8379675941,Premium Loyal,GREETING CARDS,5.48
8379675941,Premium Loyal,PASTA & PIZZA SAUCE,4.38
8380210141,Potential,GREETING CARDS,6.99
8380210141,Potential,NF SHORTENING AND OIL,5.49
8380210141,Potential,PASTA & PIZZA SAUCE,24.810000000000002
8380275735,Valuable,PASTA & PIZZA SAUCE,1.69
8380281761,Uncommitted,GREETING CARDS,9.98
8380326989,Valuable,GREETING CARDS,4.98
8380374407,Uncommitted,PASTA & PIZZA SAUCE,18.05
8380422349,Valuable,PASTA & PIZZA SAUCE,2.19
8381137611,Valuable,GREETING CARDS,4.99
8381137611,Valuable,PASTA & PIZZA SAUCE,2.99
8384095665,Uncommitted,PASTA & PIZZA SAUCE,1.67
8384127903,Premium Loyal,PASTA & PIZZA SAUCE,8.65
8384145141,Uncommitted,PASTA & PIZZA SAUCE,2.19
8384168501,Potential,GREETING CARDS,5.98
8384210451,Uncommitted,GREETING CARDS,3.99
8387989113,Potential,PASTA & PIZZA SAUCE,8.34
8387989617,Uncommitted,GREETING CARDS,4.48
8388007395,Valuable,GREETING CARDS,4.99
8388007395,Valuable,PASTA & PIZZA SAUCE,4
8388029733,Premium Loyal,GREETING CARDS,43.53
8388029733,Premium Loyal,PASTA & PIZZA SAUCE,8.97
8388045781,Premium Loyal,PASTA & PIZZA SAUCE,1.5
8388046075,Uncommitted,PASTA & PIZZA SAUCE,3.69
8388046225,Premium Loyal,PASTA & PIZZA SAUCE,5.88
8388046455,Potential,PASTA & PIZZA SAUCE,9.38
8388060529,Premium Loyal,GREETING CARDS,10.98
8388060529,Premium Loyal,PASTA & PIZZA SAUCE,4.380000000000001
8388079695,Valuable,PASTA & PIZZA SAUCE,12.26
8391996677,Valuable,GREETING CARDS,2.99
8392013769,Valuable,PASTA & PIZZA SAUCE,3.38
8392062527,Valuable,GREETING CARDS,3.49
8392062527,Valuable,PASTA & PIZZA SAUCE,5.57
8392094725,Premium Loyal,PASTA & PIZZA SAUCE,1.8900000000000001
8392148533,Potential,GREETING CARDS,1.99
8392148533,Potential,PASTA & PIZZA SAUCE,3.8800000000000003
8392176867,Potential,GREETING CARDS,7.970000000000001
8451700157,Premium Loyal,PASTA & PIZZA SAUCE,3.38
8477283997,Potential,PASTA & PIZZA SAUCE,5.28
8479715679,Uncommitted,PASTA & PIZZA SAUCE,6.38
8482123293,Lapsed,NF SHORTENING AND OIL,6.99
8482128623,Uncommitted,PASTA & PIZZA SAUCE,4.38
8483853041,Potential,PASTA & PIZZA SAUCE,2.19
8495919129,Potential,GREETING CARDS,5.99
8515954143,Uncommitted,PASTA & PIZZA SAUCE,1.99
8610214043,Potential,GREETING CARDS,2.99
8610264409,Uncommitted,GREETING CARDS,16.98
8610292929,Potential,PASTA & PIZZA SAUCE,4.18
8610325641,Lapsed,PASTA & PIZZA SAUCE,2.67
8614094391,Uncommitted,GREETING CARDS,16.27
8614094499,Premium Loyal,PASTA & PIZZA SAUCE,7.72
8614143713,Valuable,GREETING CARDS,3.49
8614197105,Valuable,GREETING CARDS,7.98
8614197105,Valuable,PASTA & PIZZA SAUCE,6
8614266333,Potential,GREETING CARDS,8.58
8614274011,Premium Loyal,PASTA & PIZZA SAUCE,2.19
8614328969,Premium Loyal,GREETING CARDS,56.32
8614328969,Premium Loyal,PASTA & PIZZA SAUCE,21.52
8615696839,Potential,GREETING CARDS,4.99
8615707931,Potential,PASTA & PIZZA SAUCE,6.57
8615708687,Potential,PASTA & PIZZA SAUCE,9.69
8615791863,Uncommitted,PASTA & PIZZA SAUCE,3.7800000000000002
8615808559,Uncommitted,PASTA & PIZZA SAUCE,3.98
8615808577,Valuable,GREETING CARDS,1.99
8615808577,Valuable,PASTA & PIZZA SAUCE,3.7800000000000002
8615921053,Lapsed,PASTA & PIZZA SAUCE,11.96
8619634263,Uncommitted,PASTA & PIZZA SAUCE,2.58
8619680009,Premium Loyal,PASTA & PIZZA SAUCE,4.49
8619704829,Potential,PASTA & PIZZA SAUCE,4.98
8635820813,Uncommitted,GREETING CARDS,3.49
8788345517,Uncommitted,GREETING CARDS,7.48
8796367451,Potential,PASTA & PIZZA SAUCE,4.49
8936992407,Uncommitted,PASTA & PIZZA SAUCE,1.99
8940341915,Potential,PASTA & PIZZA SAUCE,16.28
8960250003,Uncommitted,GREETING CARDS,14.280000000000001
8964372575,Uncommitted,PASTA & PIZZA SAUCE,1.8900000000000001
8968248243,Uncommitted,PASTA & PIZZA SAUCE,2.99
8968323271,Uncommitted,PASTA & PIZZA SAUCE,1.3900000000000001
9036429697,Uncommitted,PASTA & PIZZA SAUCE,11.360000000000001
9192512095,Uncommitted,PASTA & PIZZA SAUCE,3.2800000000000002
9249888075,Valuable,GREETING CARDS,4.49
9405277665,Uncommitted,GREETING CARDS,7.98
9409363225,Valuable,GREETING CARDS,11.58
9409398201,Potential,PASTA & PIZZA SAUCE,1.78
9409439367,Uncommitted,PASTA & PIZZA SAUCE,3.34
9437527573,Potential,PASTA & PIZZA SAUCE,5.78
9437602935,Uncommitted,PASTA & PIZZA SAUCE,2.49
9461499325,Uncommitted,PASTA & PIZZA SAUCE,5.17
9465324623,Uncommitted,GREETING CARDS,6.99
9469275687,Premium Loyal,GREETING CARDS,25.54
9469406451,Uncommitted,PASTA & PIZZA SAUCE,4.98
9469431291,Uncommitted,GREETING CARDS,23.84
9469431291,Uncommitted,PASTA & PIZZA SAUCE,8.57
9481429839,Uncommitted,GREETING CARDS,31.54
